Opportunity ID,Market,Plan,Monthly Price,Annual Price,Target Customer,Expected ARPU,Gross Margin %,Estimated CAC,Monthly Churn %,Estimated LTV,LTV:CAC,Payback Months,Customers for $10k MRR,Customers for $50k MRR,Customers for $100k MRR,Confidence Level,Assumptions
SAAS-001,Morocco,Free strategy,No ongoing free plan / sandbox only,N/A,Industrial distributors; 10–75 staff; 200+ credit invoices/month,MAD2500 professional baseline; mixed ARPU UNKNOWN,75–85,USD250–900,1.0–2.5,USD4500–5100 (24-month capped GP proxy),5.0–20.4,1.2–4.8,40,200,400,LOW — all economics modeled,"ASSUMPTION: No permanent free production plan; redacted-data audit; Pilot/Professional:1 entity,3 users,500 open invoices,1 agreed CSV format; Starter:1 user/150 open invoices; Business:10 users/2000 open invoices; Enterprise/custom:volume and support negotiated. No unlimited concierge work.; FX: MAD10/USD1, EUR1/USD1.10 not spot rates; taxes/usage/implementation extra; CAC and LTV USD; early concierge GM may be30–60%; no claim of measured LTV"
SAAS-001,Morocco,Trial strategy,No ongoing free plan / sandbox only,N/A,Industrial distributors; 10–75 staff; 200+ credit invoices/month,MAD2500 professional baseline; mixed ARPU UNKNOWN,75–85,USD250–900,1.0–2.5,USD4500–5100 (24-month capped GP proxy),5.0–20.4,1.2–4.8,40,200,400,LOW — all economics modeled,"ASSUMPTION: 14-day sandbox;30-day paid concierge pilot at Pro; no fake free delivery; Pilot/Professional:1 entity,3 users,500 open invoices,1 agreed CSV format; Starter:1 user/150 open invoices; Business:10 users/2000 open invoices; Enterprise/custom:volume and support negotiated. No unlimited concierge work.; FX: MAD10/USD1, EUR1/USD1.10 not spot rates; taxes/usage/implementation extra; CAC and LTV USD; early concierge GM may be30–60%; no claim of measured LTV"
SAAS-001,Morocco,Starter,MAD1500,MAD16200,Industrial distributors; 10–75 staff; 200+ credit invoices/month,MAD2500 professional baseline; mixed ARPU UNKNOWN,75–85,USD250–900,1.0–2.5,USD4500–5100 (24-month capped GP proxy),5.0–20.4,1.2–4.8,40,200,400,LOW — all economics modeled,"ASSUMPTION: Proposed subscription; annual 10% discount; custom tiers are floors, not quotes; Pilot/Professional:1 entity,3 users,500 open invoices,1 agreed CSV format; Starter:1 user/150 open invoices; Business:10 users/2000 open invoices; Enterprise/custom:volume and support negotiated. No unlimited concierge work.; FX: MAD10/USD1, EUR1/USD1.10 not spot rates; taxes/usage/implementation extra; CAC and LTV USD; early concierge GM may be30–60%; no claim of measured LTV"
SAAS-001,Morocco,Professional,MAD2500,MAD27000,Industrial distributors; 10–75 staff; 200+ credit invoices/month,MAD2500 professional baseline; mixed ARPU UNKNOWN,75–85,USD250–900,1.0–2.5,USD4500–5100 (24-month capped GP proxy),5.0–20.4,1.2–4.8,40,200,400,LOW — all economics modeled,"ASSUMPTION: Proposed subscription; annual 10% discount; custom tiers are floors, not quotes; Pilot/Professional:1 entity,3 users,500 open invoices,1 agreed CSV format; Starter:1 user/150 open invoices; Business:10 users/2000 open invoices; Enterprise/custom:volume and support negotiated. No unlimited concierge work.; FX: MAD10/USD1, EUR1/USD1.10 not spot rates; taxes/usage/implementation extra; CAC and LTV USD; early concierge GM may be30–60%; no claim of measured LTV"
SAAS-001,Morocco,Business,MAD5000,MAD54000,Industrial distributors; 10–75 staff; 200+ credit invoices/month,MAD2500 professional baseline; mixed ARPU UNKNOWN,75–85,USD250–900,1.0–2.5,USD4500–5100 (24-month capped GP proxy),5.0–20.4,1.2–4.8,40,200,400,LOW — all economics modeled,"ASSUMPTION: Proposed subscription; annual 10% discount; custom tiers are floors, not quotes; Pilot/Professional:1 entity,3 users,500 open invoices,1 agreed CSV format; Starter:1 user/150 open invoices; Business:10 users/2000 open invoices; Enterprise/custom:volume and support negotiated. No unlimited concierge work.; FX: MAD10/USD1, EUR1/USD1.10 not spot rates; taxes/usage/implementation extra; CAC and LTV USD; early concierge GM may be30–60%; no claim of measured LTV"
SAAS-001,Morocco,Enterprise,MAD10000,MAD108000,Industrial distributors; 10–75 staff; 200+ credit invoices/month,MAD2500 professional baseline; mixed ARPU UNKNOWN,75–85,USD250–900,1.0–2.5,USD4500–5100 (24-month capped GP proxy),5.0–20.4,1.2–4.8,40,200,400,LOW — all economics modeled,"ASSUMPTION: Proposed subscription; annual 10% discount; custom tiers are floors, not quotes; Pilot/Professional:1 entity,3 users,500 open invoices,1 agreed CSV format; Starter:1 user/150 open invoices; Business:10 users/2000 open invoices; Enterprise/custom:volume and support negotiated. No unlimited concierge work.; FX: MAD10/USD1, EUR1/USD1.10 not spot rates; taxes/usage/implementation extra; CAC and LTV USD; early concierge GM may be30–60%; no claim of measured LTV"
SAAS-001,Morocco,High-ticket / custom,MAD15000,MAD162000,Industrial distributors; 10–75 staff; 200+ credit invoices/month,MAD2500 professional baseline; mixed ARPU UNKNOWN,75–85,USD250–900,1.0–2.5,USD4500–5100 (24-month capped GP proxy),5.0–20.4,1.2–4.8,40,200,400,LOW — all economics modeled,"ASSUMPTION: Proposed subscription; annual 10% discount; custom tiers are floors, not quotes; Pilot/Professional:1 entity,3 users,500 open invoices,1 agreed CSV format; Starter:1 user/150 open invoices; Business:10 users/2000 open invoices; Enterprise/custom:volume and support negotiated. No unlimited concierge work.; FX: MAD10/USD1, EUR1/USD1.10 not spot rates; taxes/usage/implementation extra; CAC and LTV USD; early concierge GM may be30–60%; no claim of measured LTV"
SAAS-001,Europe,Free strategy,No ongoing free plan / sandbox only,N/A,Industrial distributors; 10–75 staff; 200+ credit invoices/month,EUR299 professional baseline; mixed ARPU UNKNOWN,75–85,USD400–1400,1.0–2.5,USD5920–6710 (24-month capped GP proxy),4.2–16.8,1.4–5.7,31,153,305,LOW — all economics modeled,"ASSUMPTION: No permanent free production plan; redacted-data audit; Pilot/Professional:1 entity,3 users,500 open invoices,1 agreed CSV format; Starter:1 user/150 open invoices; Business:10 users/2000 open invoices; Enterprise/custom:volume and support negotiated. No unlimited concierge work.; FX: MAD10/USD1, EUR1/USD1.10 not spot rates; taxes/usage/implementation extra; CAC and LTV USD; early concierge GM may be30–60%; no claim of measured LTV"
SAAS-001,Europe,Trial strategy,No ongoing free plan / sandbox only,N/A,Industrial distributors; 10–75 staff; 200+ credit invoices/month,EUR299 professional baseline; mixed ARPU UNKNOWN,75–85,USD400–1400,1.0–2.5,USD5920–6710 (24-month capped GP proxy),4.2–16.8,1.4–5.7,31,153,305,LOW — all economics modeled,"ASSUMPTION: 14-day sandbox;30-day paid concierge pilot at Pro; no fake free delivery; Pilot/Professional:1 entity,3 users,500 open invoices,1 agreed CSV format; Starter:1 user/150 open invoices; Business:10 users/2000 open invoices; Enterprise/custom:volume and support negotiated. No unlimited concierge work.; FX: MAD10/USD1, EUR1/USD1.10 not spot rates; taxes/usage/implementation extra; CAC and LTV USD; early concierge GM may be30–60%; no claim of measured LTV"
SAAS-001,Europe,Starter,EUR180,EUR1944,Industrial distributors; 10–75 staff; 200+ credit invoices/month,EUR299 professional baseline; mixed ARPU UNKNOWN,75–85,USD400–1400,1.0–2.5,USD5920–6710 (24-month capped GP proxy),4.2–16.8,1.4–5.7,31,153,305,LOW — all economics modeled,"ASSUMPTION: Proposed subscription; annual 10% discount; custom tiers are floors, not quotes; Pilot/Professional:1 entity,3 users,500 open invoices,1 agreed CSV format; Starter:1 user/150 open invoices; Business:10 users/2000 open invoices; Enterprise/custom:volume and support negotiated. No unlimited concierge work.; FX: MAD10/USD1, EUR1/USD1.10 not spot rates; taxes/usage/implementation extra; CAC and LTV USD; early concierge GM may be30–60%; no claim of measured LTV"
SAAS-001,Europe,Professional,EUR299,EUR3229,Industrial distributors; 10–75 staff; 200+ credit invoices/month,EUR299 professional baseline; mixed ARPU UNKNOWN,75–85,USD400–1400,1.0–2.5,USD5920–6710 (24-month capped GP proxy),4.2–16.8,1.4–5.7,31,153,305,LOW — all economics modeled,"ASSUMPTION: Proposed subscription; annual 10% discount; custom tiers are floors, not quotes; Pilot/Professional:1 entity,3 users,500 open invoices,1 agreed CSV format; Starter:1 user/150 open invoices; Business:10 users/2000 open invoices; Enterprise/custom:volume and support negotiated. No unlimited concierge work.; FX: MAD10/USD1, EUR1/USD1.10 not spot rates; taxes/usage/implementation extra; CAC and LTV USD; early concierge GM may be30–60%; no claim of measured LTV"
SAAS-001,Europe,Business,EUR600,EUR6480,Industrial distributors; 10–75 staff; 200+ credit invoices/month,EUR299 professional baseline; mixed ARPU UNKNOWN,75–85,USD400–1400,1.0–2.5,USD5920–6710 (24-month capped GP proxy),4.2–16.8,1.4–5.7,31,153,305,LOW — all economics modeled,"ASSUMPTION: Proposed subscription; annual 10% discount; custom tiers are floors, not quotes; Pilot/Professional:1 entity,3 users,500 open invoices,1 agreed CSV format; Starter:1 user/150 open invoices; Business:10 users/2000 open invoices; Enterprise/custom:volume and support negotiated. No unlimited concierge work.; FX: MAD10/USD1, EUR1/USD1.10 not spot rates; taxes/usage/implementation extra; CAC and LTV USD; early concierge GM may be30–60%; no claim of measured LTV"
SAAS-001,Europe,Enterprise,EUR1200,EUR12960,Industrial distributors; 10–75 staff; 200+ credit invoices/month,EUR299 professional baseline; mixed ARPU UNKNOWN,75–85,USD400–1400,1.0–2.5,USD5920–6710 (24-month capped GP proxy),4.2–16.8,1.4–5.7,31,153,305,LOW — all economics modeled,"ASSUMPTION: Proposed subscription; annual 10% discount; custom tiers are floors, not quotes; Pilot/Professional:1 entity,3 users,500 open invoices,1 agreed CSV format; Starter:1 user/150 open invoices; Business:10 users/2000 open invoices; Enterprise/custom:volume and support negotiated. No unlimited concierge work.; FX: MAD10/USD1, EUR1/USD1.10 not spot rates; taxes/usage/implementation extra; CAC and LTV USD; early concierge GM may be30–60%; no claim of measured LTV"
SAAS-001,Europe,High-ticket / custom,EUR1790,EUR19332,Industrial distributors; 10–75 staff; 200+ credit invoices/month,EUR299 professional baseline; mixed ARPU UNKNOWN,75–85,USD400–1400,1.0–2.5,USD5920–6710 (24-month capped GP proxy),4.2–16.8,1.4–5.7,31,153,305,LOW — all economics modeled,"ASSUMPTION: Proposed subscription; annual 10% discount; custom tiers are floors, not quotes; Pilot/Professional:1 entity,3 users,500 open invoices,1 agreed CSV format; Starter:1 user/150 open invoices; Business:10 users/2000 open invoices; Enterprise/custom:volume and support negotiated. No unlimited concierge work.; FX: MAD10/USD1, EUR1/USD1.10 not spot rates; taxes/usage/implementation extra; CAC and LTV USD; early concierge GM may be30–60%; no claim of measured LTV"
SAAS-001,USA / International,Free strategy,No ongoing free plan / sandbox only,N/A,Industrial distributors; 10–75 staff; 200+ credit invoices/month,USD349 professional baseline; mixed ARPU UNKNOWN,75–85,USD400–1400,1.0–2.5,USD6282–7120 (24-month capped GP proxy),4.5–17.8,1.3–5.3,29,144,287,LOW — all economics modeled,"ASSUMPTION: No permanent free production plan; redacted-data audit; Pilot/Professional:1 entity,3 users,500 open invoices,1 agreed CSV format; Starter:1 user/150 open invoices; Business:10 users/2000 open invoices; Enterprise/custom:volume and support negotiated. No unlimited concierge work.; FX: MAD10/USD1, EUR1/USD1.10 not spot rates; taxes/usage/implementation extra; CAC and LTV USD; early concierge GM may be30–60%; no claim of measured LTV"
SAAS-001,USA / International,Trial strategy,No ongoing free plan / sandbox only,N/A,Industrial distributors; 10–75 staff; 200+ credit invoices/month,USD349 professional baseline; mixed ARPU UNKNOWN,75–85,USD400–1400,1.0–2.5,USD6282–7120 (24-month capped GP proxy),4.5–17.8,1.3–5.3,29,144,287,LOW — all economics modeled,"ASSUMPTION: 14-day sandbox;30-day paid concierge pilot at Pro; no fake free delivery; Pilot/Professional:1 entity,3 users,500 open invoices,1 agreed CSV format; Starter:1 user/150 open invoices; Business:10 users/2000 open invoices; Enterprise/custom:volume and support negotiated. No unlimited concierge work.; FX: MAD10/USD1, EUR1/USD1.10 not spot rates; taxes/usage/implementation extra; CAC and LTV USD; early concierge GM may be30–60%; no claim of measured LTV"
SAAS-001,USA / International,Starter,USD210,USD2268,Industrial distributors; 10–75 staff; 200+ credit invoices/month,USD349 professional baseline; mixed ARPU UNKNOWN,75–85,USD400–1400,1.0–2.5,USD6282–7120 (24-month capped GP proxy),4.5–17.8,1.3–5.3,29,144,287,LOW — all economics modeled,"ASSUMPTION: Proposed subscription; annual 10% discount; custom tiers are floors, not quotes; Pilot/Professional:1 entity,3 users,500 open invoices,1 agreed CSV format; Starter:1 user/150 open invoices; Business:10 users/2000 open invoices; Enterprise/custom:volume and support negotiated. No unlimited concierge work.; FX: MAD10/USD1, EUR1/USD1.10 not spot rates; taxes/usage/implementation extra; CAC and LTV USD; early concierge GM may be30–60%; no claim of measured LTV"
SAAS-001,USA / International,Professional,USD349,USD3769,Industrial distributors; 10–75 staff; 200+ credit invoices/month,USD349 professional baseline; mixed ARPU UNKNOWN,75–85,USD400–1400,1.0–2.5,USD6282–7120 (24-month capped GP proxy),4.5–17.8,1.3–5.3,29,144,287,LOW — all economics modeled,"ASSUMPTION: Proposed subscription; annual 10% discount; custom tiers are floors, not quotes; Pilot/Professional:1 entity,3 users,500 open invoices,1 agreed CSV format; Starter:1 user/150 open invoices; Business:10 users/2000 open invoices; Enterprise/custom:volume and support negotiated. No unlimited concierge work.; FX: MAD10/USD1, EUR1/USD1.10 not spot rates; taxes/usage/implementation extra; CAC and LTV USD; early concierge GM may be30–60%; no claim of measured LTV"
SAAS-001,USA / International,Business,USD700,USD7560,Industrial distributors; 10–75 staff; 200+ credit invoices/month,USD349 professional baseline; mixed ARPU UNKNOWN,75–85,USD400–1400,1.0–2.5,USD6282–7120 (24-month capped GP proxy),4.5–17.8,1.3–5.3,29,144,287,LOW — all economics modeled,"ASSUMPTION: Proposed subscription; annual 10% discount; custom tiers are floors, not quotes; Pilot/Professional:1 entity,3 users,500 open invoices,1 agreed CSV format; Starter:1 user/150 open invoices; Business:10 users/2000 open invoices; Enterprise/custom:volume and support negotiated. No unlimited concierge work.; FX: MAD10/USD1, EUR1/USD1.10 not spot rates; taxes/usage/implementation extra; CAC and LTV USD; early concierge GM may be30–60%; no claim of measured LTV"
SAAS-001,USA / International,Enterprise,USD1400,USD15120,Industrial distributors; 10–75 staff; 200+ credit invoices/month,USD349 professional baseline; mixed ARPU UNKNOWN,75–85,USD400–1400,1.0–2.5,USD6282–7120 (24-month capped GP proxy),4.5–17.8,1.3–5.3,29,144,287,LOW — all economics modeled,"ASSUMPTION: Proposed subscription; annual 10% discount; custom tiers are floors, not quotes; Pilot/Professional:1 entity,3 users,500 open invoices,1 agreed CSV format; Starter:1 user/150 open invoices; Business:10 users/2000 open invoices; Enterprise/custom:volume and support negotiated. No unlimited concierge work.; FX: MAD10/USD1, EUR1/USD1.10 not spot rates; taxes/usage/implementation extra; CAC and LTV USD; early concierge GM may be30–60%; no claim of measured LTV"
SAAS-001,USA / International,High-ticket / custom,USD2090,USD22572,Industrial distributors; 10–75 staff; 200+ credit invoices/month,USD349 professional baseline; mixed ARPU UNKNOWN,75–85,USD400–1400,1.0–2.5,USD6282–7120 (24-month capped GP proxy),4.5–17.8,1.3–5.3,29,144,287,LOW — all economics modeled,"ASSUMPTION: Proposed subscription; annual 10% discount; custom tiers are floors, not quotes; Pilot/Professional:1 entity,3 users,500 open invoices,1 agreed CSV format; Starter:1 user/150 open invoices; Business:10 users/2000 open invoices; Enterprise/custom:volume and support negotiated. No unlimited concierge work.; FX: MAD10/USD1, EUR1/USD1.10 not spot rates; taxes/usage/implementation extra; CAC and LTV USD; early concierge GM may be30–60%; no claim of measured LTV"
SAAS-005,Morocco,Free strategy,No ongoing free plan / sandbox only,N/A,Industrial-parts wholesalers; 20–150 staff; 1000+ orders/month,MAD6000 professional baseline; mixed ARPU UNKNOWN,60–80,USD250–900,0.7–2.0,USD8640–11520 (24-month capped GP proxy),9.6–46.1,0.5–2.5,17,84,167,LOW — all economics modeled,"ASSUMPTION: No permanent free production plan; redacted-data audit; FX: MAD10/USD1, EUR1/USD1.10 not spot rates; taxes/usage/implementation extra; CAC and LTV USD; early concierge GM may be30–60%; no claim of measured LTV"
SAAS-005,Morocco,Trial strategy,No ongoing free plan / sandbox only,N/A,Industrial-parts wholesalers; 20–150 staff; 1000+ orders/month,MAD6000 professional baseline; mixed ARPU UNKNOWN,60–80,USD250–900,0.7–2.0,USD8640–11520 (24-month capped GP proxy),9.6–46.1,0.5–2.5,17,84,167,LOW — all economics modeled,"ASSUMPTION: 14-day sandbox;30-day paid concierge pilot at Pro; no fake free delivery; FX: MAD10/USD1, EUR1/USD1.10 not spot rates; taxes/usage/implementation extra; CAC and LTV USD; early concierge GM may be30–60%; no claim of measured LTV"
SAAS-005,Morocco,Starter,MAD3600,MAD38880,Industrial-parts wholesalers; 20–150 staff; 1000+ orders/month,MAD6000 professional baseline; mixed ARPU UNKNOWN,60–80,USD250–900,0.7–2.0,USD8640–11520 (24-month capped GP proxy),9.6–46.1,0.5–2.5,17,84,167,LOW — all economics modeled,"ASSUMPTION: Proposed subscription; annual 10% discount; custom tiers are floors, not quotes; FX: MAD10/USD1, EUR1/USD1.10 not spot rates; taxes/usage/implementation extra; CAC and LTV USD; early concierge GM may be30–60%; no claim of measured LTV"
SAAS-005,Morocco,Professional,MAD6000,MAD64800,Industrial-parts wholesalers; 20–150 staff; 1000+ orders/month,MAD6000 professional baseline; mixed ARPU UNKNOWN,60–80,USD250–900,0.7–2.0,USD8640–11520 (24-month capped GP proxy),9.6–46.1,0.5–2.5,17,84,167,LOW — all economics modeled,"ASSUMPTION: Proposed subscription; annual 10% discount; custom tiers are floors, not quotes; FX: MAD10/USD1, EUR1/USD1.10 not spot rates; taxes/usage/implementation extra; CAC and LTV USD; early concierge GM may be30–60%; no claim of measured LTV"
SAAS-005,Morocco,Business,MAD12000,MAD129600,Industrial-parts wholesalers; 20–150 staff; 1000+ orders/month,MAD6000 professional baseline; mixed ARPU UNKNOWN,60–80,USD250–900,0.7–2.0,USD8640–11520 (24-month capped GP proxy),9.6–46.1,0.5–2.5,17,84,167,LOW — all economics modeled,"ASSUMPTION: Proposed subscription; annual 10% discount; custom tiers are floors, not quotes; FX: MAD10/USD1, EUR1/USD1.10 not spot rates; taxes/usage/implementation extra; CAC and LTV USD; early concierge GM may be30–60%; no claim of measured LTV"
SAAS-005,Morocco,Enterprise,MAD24000,MAD259200,Industrial-parts wholesalers; 20–150 staff; 1000+ orders/month,MAD6000 professional baseline; mixed ARPU UNKNOWN,60–80,USD250–900,0.7–2.0,USD8640–11520 (24-month capped GP proxy),9.6–46.1,0.5–2.5,17,84,167,LOW — all economics modeled,"ASSUMPTION: Proposed subscription; annual 10% discount; custom tiers are floors, not quotes; FX: MAD10/USD1, EUR1/USD1.10 not spot rates; taxes/usage/implementation extra; CAC and LTV USD; early concierge GM may be30–60%; no claim of measured LTV"
SAAS-005,Morocco,High-ticket / custom,MAD36000,MAD388800,Industrial-parts wholesalers; 20–150 staff; 1000+ orders/month,MAD6000 professional baseline; mixed ARPU UNKNOWN,60–80,USD250–900,0.7–2.0,USD8640–11520 (24-month capped GP proxy),9.6–46.1,0.5–2.5,17,84,167,LOW — all economics modeled,"ASSUMPTION: Proposed subscription; annual 10% discount; custom tiers are floors, not quotes; FX: MAD10/USD1, EUR1/USD1.10 not spot rates; taxes/usage/implementation extra; CAC and LTV USD; early concierge GM may be30–60%; no claim of measured LTV"
SAAS-005,Europe,Free strategy,No ongoing free plan / sandbox only,N/A,Industrial-parts wholesalers; 20–150 staff; 1000+ orders/month,EUR799 professional baseline; mixed ARPU UNKNOWN,60–80,USD1500–5000,0.7–2.0,USD12656–16875 (24-month capped GP proxy),2.5–11.2,2.1–9.5,12,57,114,LOW — all economics modeled,"ASSUMPTION: No permanent free production plan; redacted-data audit; FX: MAD10/USD1, EUR1/USD1.10 not spot rates; taxes/usage/implementation extra; CAC and LTV USD; early concierge GM may be30–60%; no claim of measured LTV"
SAAS-005,Europe,Trial strategy,No ongoing free plan / sandbox only,N/A,Industrial-parts wholesalers; 20–150 staff; 1000+ orders/month,EUR799 professional baseline; mixed ARPU UNKNOWN,60–80,USD1500–5000,0.7–2.0,USD12656–16875 (24-month capped GP proxy),2.5–11.2,2.1–9.5,12,57,114,LOW — all economics modeled,"ASSUMPTION: 14-day sandbox;30-day paid concierge pilot at Pro; no fake free delivery; FX: MAD10/USD1, EUR1/USD1.10 not spot rates; taxes/usage/implementation extra; CAC and LTV USD; early concierge GM may be30–60%; no claim of measured LTV"
SAAS-005,Europe,Starter,EUR480,EUR5184,Industrial-parts wholesalers; 20–150 staff; 1000+ orders/month,EUR799 professional baseline; mixed ARPU UNKNOWN,60–80,USD1500–5000,0.7–2.0,USD12656–16875 (24-month capped GP proxy),2.5–11.2,2.1–9.5,12,57,114,LOW — all economics modeled,"ASSUMPTION: Proposed subscription; annual 10% discount; custom tiers are floors, not quotes; FX: MAD10/USD1, EUR1/USD1.10 not spot rates; taxes/usage/implementation extra; CAC and LTV USD; early concierge GM may be30–60%; no claim of measured LTV"
SAAS-005,Europe,Professional,EUR799,EUR8629,Industrial-parts wholesalers; 20–150 staff; 1000+ orders/month,EUR799 professional baseline; mixed ARPU UNKNOWN,60–80,USD1500–5000,0.7–2.0,USD12656–16875 (24-month capped GP proxy),2.5–11.2,2.1–9.5,12,57,114,LOW — all economics modeled,"ASSUMPTION: Proposed subscription; annual 10% discount; custom tiers are floors, not quotes; FX: MAD10/USD1, EUR1/USD1.10 not spot rates; taxes/usage/implementation extra; CAC and LTV USD; early concierge GM may be30–60%; no claim of measured LTV"
SAAS-005,Europe,Business,EUR1600,EUR17280,Industrial-parts wholesalers; 20–150 staff; 1000+ orders/month,EUR799 professional baseline; mixed ARPU UNKNOWN,60–80,USD1500–5000,0.7–2.0,USD12656–16875 (24-month capped GP proxy),2.5–11.2,2.1–9.5,12,57,114,LOW — all economics modeled,"ASSUMPTION: Proposed subscription; annual 10% discount; custom tiers are floors, not quotes; FX: MAD10/USD1, EUR1/USD1.10 not spot rates; taxes/usage/implementation extra; CAC and LTV USD; early concierge GM may be30–60%; no claim of measured LTV"
SAAS-005,Europe,Enterprise,EUR3200,EUR34560,Industrial-parts wholesalers; 20–150 staff; 1000+ orders/month,EUR799 professional baseline; mixed ARPU UNKNOWN,60–80,USD1500–5000,0.7–2.0,USD12656–16875 (24-month capped GP proxy),2.5–11.2,2.1–9.5,12,57,114,LOW — all economics modeled,"ASSUMPTION: Proposed subscription; annual 10% discount; custom tiers are floors, not quotes; FX: MAD10/USD1, EUR1/USD1.10 not spot rates; taxes/usage/implementation extra; CAC and LTV USD; early concierge GM may be30–60%; no claim of measured LTV"
SAAS-005,Europe,High-ticket / custom,EUR4790,EUR51732,Industrial-parts wholesalers; 20–150 staff; 1000+ orders/month,EUR799 professional baseline; mixed ARPU UNKNOWN,60–80,USD1500–5000,0.7–2.0,USD12656–16875 (24-month capped GP proxy),2.5–11.2,2.1–9.5,12,57,114,LOW — all economics modeled,"ASSUMPTION: Proposed subscription; annual 10% discount; custom tiers are floors, not quotes; FX: MAD10/USD1, EUR1/USD1.10 not spot rates; taxes/usage/implementation extra; CAC and LTV USD; early concierge GM may be30–60%; no claim of measured LTV"
SAAS-005,USA / International,Free strategy,No ongoing free plan / sandbox only,N/A,Industrial-parts wholesalers; 20–150 staff; 1000+ orders/month,USD999 professional baseline; mixed ARPU UNKNOWN,60–80,USD1500–5000,0.7–2.0,USD14386–19181 (24-month capped GP proxy),2.9–12.8,1.9–8.3,11,51,101,LOW — all economics modeled,"ASSUMPTION: No permanent free production plan; redacted-data audit; FX: MAD10/USD1, EUR1/USD1.10 not spot rates; taxes/usage/implementation extra; CAC and LTV USD; early concierge GM may be30–60%; no claim of measured LTV"
SAAS-005,USA / International,Trial strategy,No ongoing free plan / sandbox only,N/A,Industrial-parts wholesalers; 20–150 staff; 1000+ orders/month,USD999 professional baseline; mixed ARPU UNKNOWN,60–80,USD1500–5000,0.7–2.0,USD14386–19181 (24-month capped GP proxy),2.9–12.8,1.9–8.3,11,51,101,LOW — all economics modeled,"ASSUMPTION: 14-day sandbox;30-day paid concierge pilot at Pro; no fake free delivery; FX: MAD10/USD1, EUR1/USD1.10 not spot rates; taxes/usage/implementation extra; CAC and LTV USD; early concierge GM may be30–60%; no claim of measured LTV"
SAAS-005,USA / International,Starter,USD600,USD6480,Industrial-parts wholesalers; 20–150 staff; 1000+ orders/month,USD999 professional baseline; mixed ARPU UNKNOWN,60–80,USD1500–5000,0.7–2.0,USD14386–19181 (24-month capped GP proxy),2.9–12.8,1.9–8.3,11,51,101,LOW — all economics modeled,"ASSUMPTION: Proposed subscription; annual 10% discount; custom tiers are floors, not quotes; FX: MAD10/USD1, EUR1/USD1.10 not spot rates; taxes/usage/implementation extra; CAC and LTV USD; early concierge GM may be30–60%; no claim of measured LTV"
SAAS-005,USA / International,Professional,USD999,USD10789,Industrial-parts wholesalers; 20–150 staff; 1000+ orders/month,USD999 professional baseline; mixed ARPU UNKNOWN,60–80,USD1500–5000,0.7–2.0,USD14386–19181 (24-month capped GP proxy),2.9–12.8,1.9–8.3,11,51,101,LOW — all economics modeled,"ASSUMPTION: Proposed subscription; annual 10% discount; custom tiers are floors, not quotes; FX: MAD10/USD1, EUR1/USD1.10 not spot rates; taxes/usage/implementation extra; CAC and LTV USD; early concierge GM may be30–60%; no claim of measured LTV"
SAAS-005,USA / International,Business,USD2000,USD21600,Industrial-parts wholesalers; 20–150 staff; 1000+ orders/month,USD999 professional baseline; mixed ARPU UNKNOWN,60–80,USD1500–5000,0.7–2.0,USD14386–19181 (24-month capped GP proxy),2.9–12.8,1.9–8.3,11,51,101,LOW — all economics modeled,"ASSUMPTION: Proposed subscription; annual 10% discount; custom tiers are floors, not quotes; FX: MAD10/USD1, EUR1/USD1.10 not spot rates; taxes/usage/implementation extra; CAC and LTV USD; early concierge GM may be30–60%; no claim of measured LTV"
SAAS-005,USA / International,Enterprise,USD4000,USD43200,Industrial-parts wholesalers; 20–150 staff; 1000+ orders/month,USD999 professional baseline; mixed ARPU UNKNOWN,60–80,USD1500–5000,0.7–2.0,USD14386–19181 (24-month capped GP proxy),2.9–12.8,1.9–8.3,11,51,101,LOW — all economics modeled,"ASSUMPTION: Proposed subscription; annual 10% discount; custom tiers are floors, not quotes; FX: MAD10/USD1, EUR1/USD1.10 not spot rates; taxes/usage/implementation extra; CAC and LTV USD; early concierge GM may be30–60%; no claim of measured LTV"
SAAS-005,USA / International,High-ticket / custom,USD5990,USD64692,Industrial-parts wholesalers; 20–150 staff; 1000+ orders/month,USD999 professional baseline; mixed ARPU UNKNOWN,60–80,USD1500–5000,0.7–2.0,USD14386–19181 (24-month capped GP proxy),2.9–12.8,1.9–8.3,11,51,101,LOW — all economics modeled,"ASSUMPTION: Proposed subscription; annual 10% discount; custom tiers are floors, not quotes; FX: MAD10/USD1, EUR1/USD1.10 not spot rates; taxes/usage/implementation extra; CAC and LTV USD; early concierge GM may be30–60%; no claim of measured LTV"
SAAS-003,Morocco,Free strategy,No ongoing free plan / sandbox only,N/A,Road carriers; 10–75 vehicles; dispatcher plus billing clerk,MAD3500 professional baseline; mixed ARPU UNKNOWN,70–85,USD250–900,0.8–2.0,USD5880–7140 (24-month capped GP proxy),6.5–28.6,0.8–3.7,29,143,286,LOW — all economics modeled,"ASSUMPTION: No permanent free production plan; redacted-data audit; FX: MAD10/USD1, EUR1/USD1.10 not spot rates; taxes/usage/implementation extra; CAC and LTV USD; early concierge GM may be30–60%; no claim of measured LTV"
SAAS-003,Morocco,Trial strategy,No ongoing free plan / sandbox only,N/A,Road carriers; 10–75 vehicles; dispatcher plus billing clerk,MAD3500 professional baseline; mixed ARPU UNKNOWN,70–85,USD250–900,0.8–2.0,USD5880–7140 (24-month capped GP proxy),6.5–28.6,0.8–3.7,29,143,286,LOW — all economics modeled,"ASSUMPTION: 14-day sandbox;30-day paid concierge pilot at Pro; no fake free delivery; FX: MAD10/USD1, EUR1/USD1.10 not spot rates; taxes/usage/implementation extra; CAC and LTV USD; early concierge GM may be30–60%; no claim of measured LTV"
SAAS-003,Morocco,Starter,MAD2100,MAD22680,Road carriers; 10–75 vehicles; dispatcher plus billing clerk,MAD3500 professional baseline; mixed ARPU UNKNOWN,70–85,USD250–900,0.8–2.0,USD5880–7140 (24-month capped GP proxy),6.5–28.6,0.8–3.7,29,143,286,LOW — all economics modeled,"ASSUMPTION: Proposed subscription; annual 10% discount; custom tiers are floors, not quotes; FX: MAD10/USD1, EUR1/USD1.10 not spot rates; taxes/usage/implementation extra; CAC and LTV USD; early concierge GM may be30–60%; no claim of measured LTV"
SAAS-003,Morocco,Professional,MAD3500,MAD37800,Road carriers; 10–75 vehicles; dispatcher plus billing clerk,MAD3500 professional baseline; mixed ARPU UNKNOWN,70–85,USD250–900,0.8–2.0,USD5880–7140 (24-month capped GP proxy),6.5–28.6,0.8–3.7,29,143,286,LOW — all economics modeled,"ASSUMPTION: Proposed subscription; annual 10% discount; custom tiers are floors, not quotes; FX: MAD10/USD1, EUR1/USD1.10 not spot rates; taxes/usage/implementation extra; CAC and LTV USD; early concierge GM may be30–60%; no claim of measured LTV"
SAAS-003,Morocco,Business,MAD7000,MAD75600,Road carriers; 10–75 vehicles; dispatcher plus billing clerk,MAD3500 professional baseline; mixed ARPU UNKNOWN,70–85,USD250–900,0.8–2.0,USD5880–7140 (24-month capped GP proxy),6.5–28.6,0.8–3.7,29,143,286,LOW — all economics modeled,"ASSUMPTION: Proposed subscription; annual 10% discount; custom tiers are floors, not quotes; FX: MAD10/USD1, EUR1/USD1.10 not spot rates; taxes/usage/implementation extra; CAC and LTV USD; early concierge GM may be30–60%; no claim of measured LTV"
SAAS-003,Morocco,Enterprise,MAD14000,MAD151200,Road carriers; 10–75 vehicles; dispatcher plus billing clerk,MAD3500 professional baseline; mixed ARPU UNKNOWN,70–85,USD250–900,0.8–2.0,USD5880–7140 (24-month capped GP proxy),6.5–28.6,0.8–3.7,29,143,286,LOW — all economics modeled,"ASSUMPTION: Proposed subscription; annual 10% discount; custom tiers are floors, not quotes; FX: MAD10/USD1, EUR1/USD1.10 not spot rates; taxes/usage/implementation extra; CAC and LTV USD; early concierge GM may be30–60%; no claim of measured LTV"
SAAS-003,Morocco,High-ticket / custom,MAD21000,MAD226800,Road carriers; 10–75 vehicles; dispatcher plus billing clerk,MAD3500 professional baseline; mixed ARPU UNKNOWN,70–85,USD250–900,0.8–2.0,USD5880–7140 (24-month capped GP proxy),6.5–28.6,0.8–3.7,29,143,286,LOW — all economics modeled,"ASSUMPTION: Proposed subscription; annual 10% discount; custom tiers are floors, not quotes; FX: MAD10/USD1, EUR1/USD1.10 not spot rates; taxes/usage/implementation extra; CAC and LTV USD; early concierge GM may be30–60%; no claim of measured LTV"
SAAS-003,Europe,Free strategy,No ongoing free plan / sandbox only,N/A,Road carriers; 10–75 vehicles; dispatcher plus billing clerk,EUR499 professional baseline; mixed ARPU UNKNOWN,70–85,USD900–3000,0.8–2.0,USD9222–11198 (24-month capped GP proxy),3.1–12.4,1.9–7.8,19,92,183,LOW — all economics modeled,"ASSUMPTION: No permanent free production plan; redacted-data audit; FX: MAD10/USD1, EUR1/USD1.10 not spot rates; taxes/usage/implementation extra; CAC and LTV USD; early concierge GM may be30–60%; no claim of measured LTV"
SAAS-003,Europe,Trial strategy,No ongoing free plan / sandbox only,N/A,Road carriers; 10–75 vehicles; dispatcher plus billing clerk,EUR499 professional baseline; mixed ARPU UNKNOWN,70–85,USD900–3000,0.8–2.0,USD9222–11198 (24-month capped GP proxy),3.1–12.4,1.9–7.8,19,92,183,LOW — all economics modeled,"ASSUMPTION: 14-day sandbox;30-day paid concierge pilot at Pro; no fake free delivery; FX: MAD10/USD1, EUR1/USD1.10 not spot rates; taxes/usage/implementation extra; CAC and LTV USD; early concierge GM may be30–60%; no claim of measured LTV"
SAAS-003,Europe,Starter,EUR300,EUR3240,Road carriers; 10–75 vehicles; dispatcher plus billing clerk,EUR499 professional baseline; mixed ARPU UNKNOWN,70–85,USD900–3000,0.8–2.0,USD9222–11198 (24-month capped GP proxy),3.1–12.4,1.9–7.8,19,92,183,LOW — all economics modeled,"ASSUMPTION: Proposed subscription; annual 10% discount; custom tiers are floors, not quotes; FX: MAD10/USD1, EUR1/USD1.10 not spot rates; taxes/usage/implementation extra; CAC and LTV USD; early concierge GM may be30–60%; no claim of measured LTV"
SAAS-003,Europe,Professional,EUR499,EUR5389,Road carriers; 10–75 vehicles; dispatcher plus billing clerk,EUR499 professional baseline; mixed ARPU UNKNOWN,70–85,USD900–3000,0.8–2.0,USD9222–11198 (24-month capped GP proxy),3.1–12.4,1.9–7.8,19,92,183,LOW — all economics modeled,"ASSUMPTION: Proposed subscription; annual 10% discount; custom tiers are floors, not quotes; FX: MAD10/USD1, EUR1/USD1.10 not spot rates; taxes/usage/implementation extra; CAC and LTV USD; early concierge GM may be30–60%; no claim of measured LTV"
SAAS-003,Europe,Business,EUR1000,EUR10800,Road carriers; 10–75 vehicles; dispatcher plus billing clerk,EUR499 professional baseline; mixed ARPU UNKNOWN,70–85,USD900–3000,0.8–2.0,USD9222–11198 (24-month capped GP proxy),3.1–12.4,1.9–7.8,19,92,183,LOW — all economics modeled,"ASSUMPTION: Proposed subscription; annual 10% discount; custom tiers are floors, not quotes; FX: MAD10/USD1, EUR1/USD1.10 not spot rates; taxes/usage/implementation extra; CAC and LTV USD; early concierge GM may be30–60%; no claim of measured LTV"
SAAS-003,Europe,Enterprise,EUR2000,EUR21600,Road carriers; 10–75 vehicles; dispatcher plus billing clerk,EUR499 professional baseline; mixed ARPU UNKNOWN,70–85,USD900–3000,0.8–2.0,USD9222–11198 (24-month capped GP proxy),3.1–12.4,1.9–7.8,19,92,183,LOW — all economics modeled,"ASSUMPTION: Proposed subscription; annual 10% discount; custom tiers are floors, not quotes; FX: MAD10/USD1, EUR1/USD1.10 not spot rates; taxes/usage/implementation extra; CAC and LTV USD; early concierge GM may be30–60%; no claim of measured LTV"
SAAS-003,Europe,High-ticket / custom,EUR2990,EUR32292,Road carriers; 10–75 vehicles; dispatcher plus billing clerk,EUR499 professional baseline; mixed ARPU UNKNOWN,70–85,USD900–3000,0.8–2.0,USD9222–11198 (24-month capped GP proxy),3.1–12.4,1.9–7.8,19,92,183,LOW — all economics modeled,"ASSUMPTION: Proposed subscription; annual 10% discount; custom tiers are floors, not quotes; FX: MAD10/USD1, EUR1/USD1.10 not spot rates; taxes/usage/implementation extra; CAC and LTV USD; early concierge GM may be30–60%; no claim of measured LTV"
SAAS-003,USA / International,Free strategy,No ongoing free plan / sandbox only,N/A,Road carriers; 10–75 vehicles; dispatcher plus billing clerk,USD599 professional baseline; mixed ARPU UNKNOWN,70–85,USD900–3000,0.8–2.0,USD10063–12220 (24-month capped GP proxy),3.4–13.6,1.8–7.2,17,84,167,LOW — all economics modeled,"ASSUMPTION: No permanent free production plan; redacted-data audit; FX: MAD10/USD1, EUR1/USD1.10 not spot rates; taxes/usage/implementation extra; CAC and LTV USD; early concierge GM may be30–60%; no claim of measured LTV"
SAAS-003,USA / International,Trial strategy,No ongoing free plan / sandbox only,N/A,Road carriers; 10–75 vehicles; dispatcher plus billing clerk,USD599 professional baseline; mixed ARPU UNKNOWN,70–85,USD900–3000,0.8–2.0,USD10063–12220 (24-month capped GP proxy),3.4–13.6,1.8–7.2,17,84,167,LOW — all economics modeled,"ASSUMPTION: 14-day sandbox;30-day paid concierge pilot at Pro; no fake free delivery; FX: MAD10/USD1, EUR1/USD1.10 not spot rates; taxes/usage/implementation extra; CAC and LTV USD; early concierge GM may be30–60%; no claim of measured LTV"
SAAS-003,USA / International,Starter,USD360,USD3888,Road carriers; 10–75 vehicles; dispatcher plus billing clerk,USD599 professional baseline; mixed ARPU UNKNOWN,70–85,USD900–3000,0.8–2.0,USD10063–12220 (24-month capped GP proxy),3.4–13.6,1.8–7.2,17,84,167,LOW — all economics modeled,"ASSUMPTION: Proposed subscription; annual 10% discount; custom tiers are floors, not quotes; FX: MAD10/USD1, EUR1/USD1.10 not spot rates; taxes/usage/implementation extra; CAC and LTV USD; early concierge GM may be30–60%; no claim of measured LTV"
SAAS-003,USA / International,Professional,USD599,USD6469,Road carriers; 10–75 vehicles; dispatcher plus billing clerk,USD599 professional baseline; mixed ARPU UNKNOWN,70–85,USD900–3000,0.8–2.0,USD10063–12220 (24-month capped GP proxy),3.4–13.6,1.8–7.2,17,84,167,LOW — all economics modeled,"ASSUMPTION: Proposed subscription; annual 10% discount; custom tiers are floors, not quotes; FX: MAD10/USD1, EUR1/USD1.10 not spot rates; taxes/usage/implementation extra; CAC and LTV USD; early concierge GM may be30–60%; no claim of measured LTV"
SAAS-003,USA / International,Business,USD1200,USD12960,Road carriers; 10–75 vehicles; dispatcher plus billing clerk,USD599 professional baseline; mixed ARPU UNKNOWN,70–85,USD900–3000,0.8–2.0,USD10063–12220 (24-month capped GP proxy),3.4–13.6,1.8–7.2,17,84,167,LOW — all economics modeled,"ASSUMPTION: Proposed subscription; annual 10% discount; custom tiers are floors, not quotes; FX: MAD10/USD1, EUR1/USD1.10 not spot rates; taxes/usage/implementation extra; CAC and LTV USD; early concierge GM may be30–60%; no claim of measured LTV"
SAAS-003,USA / International,Enterprise,USD2400,USD25920,Road carriers; 10–75 vehicles; dispatcher plus billing clerk,USD599 professional baseline; mixed ARPU UNKNOWN,70–85,USD900–3000,0.8–2.0,USD10063–12220 (24-month capped GP proxy),3.4–13.6,1.8–7.2,17,84,167,LOW — all economics modeled,"ASSUMPTION: Proposed subscription; annual 10% discount; custom tiers are floors, not quotes; FX: MAD10/USD1, EUR1/USD1.10 not spot rates; taxes/usage/implementation extra; CAC and LTV USD; early concierge GM may be30–60%; no claim of measured LTV"
SAAS-003,USA / International,High-ticket / custom,USD3590,USD38772,Road carriers; 10–75 vehicles; dispatcher plus billing clerk,USD599 professional baseline; mixed ARPU UNKNOWN,70–85,USD900–3000,0.8–2.0,USD10063–12220 (24-month capped GP proxy),3.4–13.6,1.8–7.2,17,84,167,LOW — all economics modeled,"ASSUMPTION: Proposed subscription; annual 10% discount; custom tiers are floors, not quotes; FX: MAD10/USD1, EUR1/USD1.10 not spot rates; taxes/usage/implementation extra; CAC and LTV USD; early concierge GM may be30–60%; no claim of measured LTV"
SAAS-002,Morocco,Free strategy,No ongoing free plan / sandbox only,N/A,Commercial HVAC contractors; 5–30 technicians; recurring service contracts,MAD2000 professional baseline; mixed ARPU UNKNOWN,70–85,USD250–900,1.0–2.5,USD3360–4080 (24-month capped GP proxy),3.7–16.3,1.5–6.4,50,250,500,LOW — all economics modeled,"ASSUMPTION: No permanent free production plan; redacted-data audit; FX: MAD10/USD1, EUR1/USD1.10 not spot rates; taxes/usage/implementation extra; CAC and LTV USD; early concierge GM may be30–60%; no claim of measured LTV"
SAAS-002,Morocco,Trial strategy,No ongoing free plan / sandbox only,N/A,Commercial HVAC contractors; 5–30 technicians; recurring service contracts,MAD2000 professional baseline; mixed ARPU UNKNOWN,70–85,USD250–900,1.0–2.5,USD3360–4080 (24-month capped GP proxy),3.7–16.3,1.5–6.4,50,250,500,LOW — all economics modeled,"ASSUMPTION: 14-day sandbox;30-day paid concierge pilot at Pro; no fake free delivery; FX: MAD10/USD1, EUR1/USD1.10 not spot rates; taxes/usage/implementation extra; CAC and LTV USD; early concierge GM may be30–60%; no claim of measured LTV"
SAAS-002,Morocco,Starter,MAD1200,MAD12960,Commercial HVAC contractors; 5–30 technicians; recurring service contracts,MAD2000 professional baseline; mixed ARPU UNKNOWN,70–85,USD250–900,1.0–2.5,USD3360–4080 (24-month capped GP proxy),3.7–16.3,1.5–6.4,50,250,500,LOW — all economics modeled,"ASSUMPTION: Proposed subscription; annual 10% discount; custom tiers are floors, not quotes; FX: MAD10/USD1, EUR1/USD1.10 not spot rates; taxes/usage/implementation extra; CAC and LTV USD; early concierge GM may be30–60%; no claim of measured LTV"
SAAS-002,Morocco,Professional,MAD2000,MAD21600,Commercial HVAC contractors; 5–30 technicians; recurring service contracts,MAD2000 professional baseline; mixed ARPU UNKNOWN,70–85,USD250–900,1.0–2.5,USD3360–4080 (24-month capped GP proxy),3.7–16.3,1.5–6.4,50,250,500,LOW — all economics modeled,"ASSUMPTION: Proposed subscription; annual 10% discount; custom tiers are floors, not quotes; FX: MAD10/USD1, EUR1/USD1.10 not spot rates; taxes/usage/implementation extra; CAC and LTV USD; early concierge GM may be30–60%; no claim of measured LTV"
SAAS-002,Morocco,Business,MAD4000,MAD43200,Commercial HVAC contractors; 5–30 technicians; recurring service contracts,MAD2000 professional baseline; mixed ARPU UNKNOWN,70–85,USD250–900,1.0–2.5,USD3360–4080 (24-month capped GP proxy),3.7–16.3,1.5–6.4,50,250,500,LOW — all economics modeled,"ASSUMPTION: Proposed subscription; annual 10% discount; custom tiers are floors, not quotes; FX: MAD10/USD1, EUR1/USD1.10 not spot rates; taxes/usage/implementation extra; CAC and LTV USD; early concierge GM may be30–60%; no claim of measured LTV"
SAAS-002,Morocco,Enterprise,MAD8000,MAD86400,Commercial HVAC contractors; 5–30 technicians; recurring service contracts,MAD2000 professional baseline; mixed ARPU UNKNOWN,70–85,USD250–900,1.0–2.5,USD3360–4080 (24-month capped GP proxy),3.7–16.3,1.5–6.4,50,250,500,LOW — all economics modeled,"ASSUMPTION: Proposed subscription; annual 10% discount; custom tiers are floors, not quotes; FX: MAD10/USD1, EUR1/USD1.10 not spot rates; taxes/usage/implementation extra; CAC and LTV USD; early concierge GM may be30–60%; no claim of measured LTV"
SAAS-002,Morocco,High-ticket / custom,MAD12000,MAD129600,Commercial HVAC contractors; 5–30 technicians; recurring service contracts,MAD2000 professional baseline; mixed ARPU UNKNOWN,70–85,USD250–900,1.0–2.5,USD3360–4080 (24-month capped GP proxy),3.7–16.3,1.5–6.4,50,250,500,LOW — all economics modeled,"ASSUMPTION: Proposed subscription; annual 10% discount; custom tiers are floors, not quotes; FX: MAD10/USD1, EUR1/USD1.10 not spot rates; taxes/usage/implementation extra; CAC and LTV USD; early concierge GM may be30–60%; no claim of measured LTV"
SAAS-002,Europe,Free strategy,No ongoing free plan / sandbox only,N/A,Commercial HVAC contractors; 5–30 technicians; recurring service contracts,EUR249 professional baseline; mixed ARPU UNKNOWN,70–85,USD500–1800,1.0–2.5,USD4602–5588 (24-month capped GP proxy),2.6–11.2,2.1–9.4,37,183,366,LOW — all economics modeled,"ASSUMPTION: No permanent free production plan; redacted-data audit; FX: MAD10/USD1, EUR1/USD1.10 not spot rates; taxes/usage/implementation extra; CAC and LTV USD; early concierge GM may be30–60%; no claim of measured LTV"
SAAS-002,Europe,Trial strategy,No ongoing free plan / sandbox only,N/A,Commercial HVAC contractors; 5–30 technicians; recurring service contracts,EUR249 professional baseline; mixed ARPU UNKNOWN,70–85,USD500–1800,1.0–2.5,USD4602–5588 (24-month capped GP proxy),2.6–11.2,2.1–9.4,37,183,366,LOW — all economics modeled,"ASSUMPTION: 14-day sandbox;30-day paid concierge pilot at Pro; no fake free delivery; FX: MAD10/USD1, EUR1/USD1.10 not spot rates; taxes/usage/implementation extra; CAC and LTV USD; early concierge GM may be30–60%; no claim of measured LTV"
SAAS-002,Europe,Starter,EUR150,EUR1620,Commercial HVAC contractors; 5–30 technicians; recurring service contracts,EUR249 professional baseline; mixed ARPU UNKNOWN,70–85,USD500–1800,1.0–2.5,USD4602–5588 (24-month capped GP proxy),2.6–11.2,2.1–9.4,37,183,366,LOW — all economics modeled,"ASSUMPTION: Proposed subscription; annual 10% discount; custom tiers are floors, not quotes; FX: MAD10/USD1, EUR1/USD1.10 not spot rates; taxes/usage/implementation extra; CAC and LTV USD; early concierge GM may be30–60%; no claim of measured LTV"
SAAS-002,Europe,Professional,EUR249,EUR2689,Commercial HVAC contractors; 5–30 technicians; recurring service contracts,EUR249 professional baseline; mixed ARPU UNKNOWN,70–85,USD500–1800,1.0–2.5,USD4602–5588 (24-month capped GP proxy),2.6–11.2,2.1–9.4,37,183,366,LOW — all economics modeled,"ASSUMPTION: Proposed subscription; annual 10% discount; custom tiers are floors, not quotes; FX: MAD10/USD1, EUR1/USD1.10 not spot rates; taxes/usage/implementation extra; CAC and LTV USD; early concierge GM may be30–60%; no claim of measured LTV"
SAAS-002,Europe,Business,EUR500,EUR5400,Commercial HVAC contractors; 5–30 technicians; recurring service contracts,EUR249 professional baseline; mixed ARPU UNKNOWN,70–85,USD500–1800,1.0–2.5,USD4602–5588 (24-month capped GP proxy),2.6–11.2,2.1–9.4,37,183,366,LOW — all economics modeled,"ASSUMPTION: Proposed subscription; annual 10% discount; custom tiers are floors, not quotes; FX: MAD10/USD1, EUR1/USD1.10 not spot rates; taxes/usage/implementation extra; CAC and LTV USD; early concierge GM may be30–60%; no claim of measured LTV"
SAAS-002,Europe,Enterprise,EUR1000,EUR10800,Commercial HVAC contractors; 5–30 technicians; recurring service contracts,EUR249 professional baseline; mixed ARPU UNKNOWN,70–85,USD500–1800,1.0–2.5,USD4602–5588 (24-month capped GP proxy),2.6–11.2,2.1–9.4,37,183,366,LOW — all economics modeled,"ASSUMPTION: Proposed subscription; annual 10% discount; custom tiers are floors, not quotes; FX: MAD10/USD1, EUR1/USD1.10 not spot rates; taxes/usage/implementation extra; CAC and LTV USD; early concierge GM may be30–60%; no claim of measured LTV"
SAAS-002,Europe,High-ticket / custom,EUR1490,EUR16092,Commercial HVAC contractors; 5–30 technicians; recurring service contracts,EUR249 professional baseline; mixed ARPU UNKNOWN,70–85,USD500–1800,1.0–2.5,USD4602–5588 (24-month capped GP proxy),2.6–11.2,2.1–9.4,37,183,366,LOW — all economics modeled,"ASSUMPTION: Proposed subscription; annual 10% discount; custom tiers are floors, not quotes; FX: MAD10/USD1, EUR1/USD1.10 not spot rates; taxes/usage/implementation extra; CAC and LTV USD; early concierge GM may be30–60%; no claim of measured LTV"
SAAS-002,USA / International,Free strategy,No ongoing free plan / sandbox only,N/A,Commercial HVAC contractors; 5–30 technicians; recurring service contracts,USD299 professional baseline; mixed ARPU UNKNOWN,70–85,USD500–1800,1.0–2.5,USD5023–6100 (24-month capped GP proxy),2.8–12.2,2.0–8.6,34,168,335,LOW — all economics modeled,"ASSUMPTION: No permanent free production plan; redacted-data audit; FX: MAD10/USD1, EUR1/USD1.10 not spot rates; taxes/usage/implementation extra; CAC and LTV USD; early concierge GM may be30–60%; no claim of measured LTV"
SAAS-002,USA / International,Trial strategy,No ongoing free plan / sandbox only,N/A,Commercial HVAC contractors; 5–30 technicians; recurring service contracts,USD299 professional baseline; mixed ARPU UNKNOWN,70–85,USD500–1800,1.0–2.5,USD5023–6100 (24-month capped GP proxy),2.8–12.2,2.0–8.6,34,168,335,LOW — all economics modeled,"ASSUMPTION: 14-day sandbox;30-day paid concierge pilot at Pro; no fake free delivery; FX: MAD10/USD1, EUR1/USD1.10 not spot rates; taxes/usage/implementation extra; CAC and LTV USD; early concierge GM may be30–60%; no claim of measured LTV"
SAAS-002,USA / International,Starter,USD180,USD1944,Commercial HVAC contractors; 5–30 technicians; recurring service contracts,USD299 professional baseline; mixed ARPU UNKNOWN,70–85,USD500–1800,1.0–2.5,USD5023–6100 (24-month capped GP proxy),2.8–12.2,2.0–8.6,34,168,335,LOW — all economics modeled,"ASSUMPTION: Proposed subscription; annual 10% discount; custom tiers are floors, not quotes; FX: MAD10/USD1, EUR1/USD1.10 not spot rates; taxes/usage/implementation extra; CAC and LTV USD; early concierge GM may be30–60%; no claim of measured LTV"
SAAS-002,USA / International,Professional,USD299,USD3229,Commercial HVAC contractors; 5–30 technicians; recurring service contracts,USD299 professional baseline; mixed ARPU UNKNOWN,70–85,USD500–1800,1.0–2.5,USD5023–6100 (24-month capped GP proxy),2.8–12.2,2.0–8.6,34,168,335,LOW — all economics modeled,"ASSUMPTION: Proposed subscription; annual 10% discount; custom tiers are floors, not quotes; FX: MAD10/USD1, EUR1/USD1.10 not spot rates; taxes/usage/implementation extra; CAC and LTV USD; early concierge GM may be30–60%; no claim of measured LTV"
SAAS-002,USA / International,Business,USD600,USD6480,Commercial HVAC contractors; 5–30 technicians; recurring service contracts,USD299 professional baseline; mixed ARPU UNKNOWN,70–85,USD500–1800,1.0–2.5,USD5023–6100 (24-month capped GP proxy),2.8–12.2,2.0–8.6,34,168,335,LOW — all economics modeled,"ASSUMPTION: Proposed subscription; annual 10% discount; custom tiers are floors, not quotes; FX: MAD10/USD1, EUR1/USD1.10 not spot rates; taxes/usage/implementation extra; CAC and LTV USD; early concierge GM may be30–60%; no claim of measured LTV"
SAAS-002,USA / International,Enterprise,USD1200,USD12960,Commercial HVAC contractors; 5–30 technicians; recurring service contracts,USD299 professional baseline; mixed ARPU UNKNOWN,70–85,USD500–1800,1.0–2.5,USD5023–6100 (24-month capped GP proxy),2.8–12.2,2.0–8.6,34,168,335,LOW — all economics modeled,"ASSUMPTION: Proposed subscription; annual 10% discount; custom tiers are floors, not quotes; FX: MAD10/USD1, EUR1/USD1.10 not spot rates; taxes/usage/implementation extra; CAC and LTV USD; early concierge GM may be30–60%; no claim of measured LTV"
SAAS-002,USA / International,High-ticket / custom,USD1790,USD19332,Commercial HVAC contractors; 5–30 technicians; recurring service contracts,USD299 professional baseline; mixed ARPU UNKNOWN,70–85,USD500–1800,1.0–2.5,USD5023–6100 (24-month capped GP proxy),2.8–12.2,2.0–8.6,34,168,335,LOW — all economics modeled,"ASSUMPTION: Proposed subscription; annual 10% discount; custom tiers are floors, not quotes; FX: MAD10/USD1, EUR1/USD1.10 not spot rates; taxes/usage/implementation extra; CAC and LTV USD; early concierge GM may be30–60%; no claim of measured LTV"
SAAS-004,Morocco,Free strategy,No ongoing free plan / sandbox only,N/A,MEP subcontractors; 10–100 staff; 3+ simultaneous projects,MAD3500 professional baseline; mixed ARPU UNKNOWN,75–88,USD250–900,1.0–2.5,USD6300–7392 (24-month capped GP proxy),7.0–29.6,0.8–3.4,29,143,286,LOW — all economics modeled,"ASSUMPTION: No permanent free production plan; redacted-data audit; FX: MAD10/USD1, EUR1/USD1.10 not spot rates; taxes/usage/implementation extra; CAC and LTV USD; early concierge GM may be30–60%; no claim of measured LTV"
SAAS-004,Morocco,Trial strategy,No ongoing free plan / sandbox only,N/A,MEP subcontractors; 10–100 staff; 3+ simultaneous projects,MAD3500 professional baseline; mixed ARPU UNKNOWN,75–88,USD250–900,1.0–2.5,USD6300–7392 (24-month capped GP proxy),7.0–29.6,0.8–3.4,29,143,286,LOW — all economics modeled,"ASSUMPTION: 14-day sandbox;30-day paid concierge pilot at Pro; no fake free delivery; FX: MAD10/USD1, EUR1/USD1.10 not spot rates; taxes/usage/implementation extra; CAC and LTV USD; early concierge GM may be30–60%; no claim of measured LTV"
SAAS-004,Morocco,Starter,MAD2100,MAD22680,MEP subcontractors; 10–100 staff; 3+ simultaneous projects,MAD3500 professional baseline; mixed ARPU UNKNOWN,75–88,USD250–900,1.0–2.5,USD6300–7392 (24-month capped GP proxy),7.0–29.6,0.8–3.4,29,143,286,LOW — all economics modeled,"ASSUMPTION: Proposed subscription; annual 10% discount; custom tiers are floors, not quotes; FX: MAD10/USD1, EUR1/USD1.10 not spot rates; taxes/usage/implementation extra; CAC and LTV USD; early concierge GM may be30–60%; no claim of measured LTV"
SAAS-004,Morocco,Professional,MAD3500,MAD37800,MEP subcontractors; 10–100 staff; 3+ simultaneous projects,MAD3500 professional baseline; mixed ARPU UNKNOWN,75–88,USD250–900,1.0–2.5,USD6300–7392 (24-month capped GP proxy),7.0–29.6,0.8–3.4,29,143,286,LOW — all economics modeled,"ASSUMPTION: Proposed subscription; annual 10% discount; custom tiers are floors, not quotes; FX: MAD10/USD1, EUR1/USD1.10 not spot rates; taxes/usage/implementation extra; CAC and LTV USD; early concierge GM may be30–60%; no claim of measured LTV"
SAAS-004,Morocco,Business,MAD7000,MAD75600,MEP subcontractors; 10–100 staff; 3+ simultaneous projects,MAD3500 professional baseline; mixed ARPU UNKNOWN,75–88,USD250–900,1.0–2.5,USD6300–7392 (24-month capped GP proxy),7.0–29.6,0.8–3.4,29,143,286,LOW — all economics modeled,"ASSUMPTION: Proposed subscription; annual 10% discount; custom tiers are floors, not quotes; FX: MAD10/USD1, EUR1/USD1.10 not spot rates; taxes/usage/implementation extra; CAC and LTV USD; early concierge GM may be30–60%; no claim of measured LTV"
SAAS-004,Morocco,Enterprise,MAD14000,MAD151200,MEP subcontractors; 10–100 staff; 3+ simultaneous projects,MAD3500 professional baseline; mixed ARPU UNKNOWN,75–88,USD250–900,1.0–2.5,USD6300–7392 (24-month capped GP proxy),7.0–29.6,0.8–3.4,29,143,286,LOW — all economics modeled,"ASSUMPTION: Proposed subscription; annual 10% discount; custom tiers are floors, not quotes; FX: MAD10/USD1, EUR1/USD1.10 not spot rates; taxes/usage/implementation extra; CAC and LTV USD; early concierge GM may be30–60%; no claim of measured LTV"
SAAS-004,Morocco,High-ticket / custom,MAD21000,MAD226800,MEP subcontractors; 10–100 staff; 3+ simultaneous projects,MAD3500 professional baseline; mixed ARPU UNKNOWN,75–88,USD250–900,1.0–2.5,USD6300–7392 (24-month capped GP proxy),7.0–29.6,0.8–3.4,29,143,286,LOW — all economics modeled,"ASSUMPTION: Proposed subscription; annual 10% discount; custom tiers are floors, not quotes; FX: MAD10/USD1, EUR1/USD1.10 not spot rates; taxes/usage/implementation extra; CAC and LTV USD; early concierge GM may be30–60%; no claim of measured LTV"
SAAS-004,Europe,Free strategy,No ongoing free plan / sandbox only,N/A,MEP subcontractors; 10–100 staff; 3+ simultaneous projects,EUR499 professional baseline; mixed ARPU UNKNOWN,75–88,USD800–3000,1.0–2.5,USD9880–11593 (24-month capped GP proxy),3.3–14.5,1.7–7.3,19,92,183,LOW — all economics modeled,"ASSUMPTION: No permanent free production plan; redacted-data audit; FX: MAD10/USD1, EUR1/USD1.10 not spot rates; taxes/usage/implementation extra; CAC and LTV USD; early concierge GM may be30–60%; no claim of measured LTV"
SAAS-004,Europe,Trial strategy,No ongoing free plan / sandbox only,N/A,MEP subcontractors; 10–100 staff; 3+ simultaneous projects,EUR499 professional baseline; mixed ARPU UNKNOWN,75–88,USD800–3000,1.0–2.5,USD9880–11593 (24-month capped GP proxy),3.3–14.5,1.7–7.3,19,92,183,LOW — all economics modeled,"ASSUMPTION: 14-day sandbox;30-day paid concierge pilot at Pro; no fake free delivery; FX: MAD10/USD1, EUR1/USD1.10 not spot rates; taxes/usage/implementation extra; CAC and LTV USD; early concierge GM may be30–60%; no claim of measured LTV"
SAAS-004,Europe,Starter,EUR300,EUR3240,MEP subcontractors; 10–100 staff; 3+ simultaneous projects,EUR499 professional baseline; mixed ARPU UNKNOWN,75–88,USD800–3000,1.0–2.5,USD9880–11593 (24-month capped GP proxy),3.3–14.5,1.7–7.3,19,92,183,LOW — all economics modeled,"ASSUMPTION: Proposed subscription; annual 10% discount; custom tiers are floors, not quotes; FX: MAD10/USD1, EUR1/USD1.10 not spot rates; taxes/usage/implementation extra; CAC and LTV USD; early concierge GM may be30–60%; no claim of measured LTV"
SAAS-004,Europe,Professional,EUR499,EUR5389,MEP subcontractors; 10–100 staff; 3+ simultaneous projects,EUR499 professional baseline; mixed ARPU UNKNOWN,75–88,USD800–3000,1.0–2.5,USD9880–11593 (24-month capped GP proxy),3.3–14.5,1.7–7.3,19,92,183,LOW — all economics modeled,"ASSUMPTION: Proposed subscription; annual 10% discount; custom tiers are floors, not quotes; FX: MAD10/USD1, EUR1/USD1.10 not spot rates; taxes/usage/implementation extra; CAC and LTV USD; early concierge GM may be30–60%; no claim of measured LTV"
SAAS-004,Europe,Business,EUR1000,EUR10800,MEP subcontractors; 10–100 staff; 3+ simultaneous projects,EUR499 professional baseline; mixed ARPU UNKNOWN,75–88,USD800–3000,1.0–2.5,USD9880–11593 (24-month capped GP proxy),3.3–14.5,1.7–7.3,19,92,183,LOW — all economics modeled,"ASSUMPTION: Proposed subscription; annual 10% discount; custom tiers are floors, not quotes; FX: MAD10/USD1, EUR1/USD1.10 not spot rates; taxes/usage/implementation extra; CAC and LTV USD; early concierge GM may be30–60%; no claim of measured LTV"
SAAS-004,Europe,Enterprise,EUR2000,EUR21600,MEP subcontractors; 10–100 staff; 3+ simultaneous projects,EUR499 professional baseline; mixed ARPU UNKNOWN,75–88,USD800–3000,1.0–2.5,USD9880–11593 (24-month capped GP proxy),3.3–14.5,1.7–7.3,19,92,183,LOW — all economics modeled,"ASSUMPTION: Proposed subscription; annual 10% discount; custom tiers are floors, not quotes; FX: MAD10/USD1, EUR1/USD1.10 not spot rates; taxes/usage/implementation extra; CAC and LTV USD; early concierge GM may be30–60%; no claim of measured LTV"
SAAS-004,Europe,High-ticket / custom,EUR2990,EUR32292,MEP subcontractors; 10–100 staff; 3+ simultaneous projects,EUR499 professional baseline; mixed ARPU UNKNOWN,75–88,USD800–3000,1.0–2.5,USD9880–11593 (24-month capped GP proxy),3.3–14.5,1.7–7.3,19,92,183,LOW — all economics modeled,"ASSUMPTION: Proposed subscription; annual 10% discount; custom tiers are floors, not quotes; FX: MAD10/USD1, EUR1/USD1.10 not spot rates; taxes/usage/implementation extra; CAC and LTV USD; early concierge GM may be30–60%; no claim of measured LTV"
SAAS-004,USA / International,Free strategy,No ongoing free plan / sandbox only,N/A,MEP subcontractors; 10–100 staff; 3+ simultaneous projects,USD599 professional baseline; mixed ARPU UNKNOWN,75–88,USD800–3000,1.0–2.5,USD10782–12651 (24-month capped GP proxy),3.6–15.8,1.5–6.7,17,84,167,LOW — all economics modeled,"ASSUMPTION: No permanent free production plan; redacted-data audit; FX: MAD10/USD1, EUR1/USD1.10 not spot rates; taxes/usage/implementation extra; CAC and LTV USD; early concierge GM may be30–60%; no claim of measured LTV"
SAAS-004,USA / International,Trial strategy,No ongoing free plan / sandbox only,N/A,MEP subcontractors; 10–100 staff; 3+ simultaneous projects,USD599 professional baseline; mixed ARPU UNKNOWN,75–88,USD800–3000,1.0–2.5,USD10782–12651 (24-month capped GP proxy),3.6–15.8,1.5–6.7,17,84,167,LOW — all economics modeled,"ASSUMPTION: 14-day sandbox;30-day paid concierge pilot at Pro; no fake free delivery; FX: MAD10/USD1, EUR1/USD1.10 not spot rates; taxes/usage/implementation extra; CAC and LTV USD; early concierge GM may be30–60%; no claim of measured LTV"
SAAS-004,USA / International,Starter,USD360,USD3888,MEP subcontractors; 10–100 staff; 3+ simultaneous projects,USD599 professional baseline; mixed ARPU UNKNOWN,75–88,USD800–3000,1.0–2.5,USD10782–12651 (24-month capped GP proxy),3.6–15.8,1.5–6.7,17,84,167,LOW — all economics modeled,"ASSUMPTION: Proposed subscription; annual 10% discount; custom tiers are floors, not quotes; FX: MAD10/USD1, EUR1/USD1.10 not spot rates; taxes/usage/implementation extra; CAC and LTV USD; early concierge GM may be30–60%; no claim of measured LTV"
SAAS-004,USA / International,Professional,USD599,USD6469,MEP subcontractors; 10–100 staff; 3+ simultaneous projects,USD599 professional baseline; mixed ARPU UNKNOWN,75–88,USD800–3000,1.0–2.5,USD10782–12651 (24-month capped GP proxy),3.6–15.8,1.5–6.7,17,84,167,LOW — all economics modeled,"ASSUMPTION: Proposed subscription; annual 10% discount; custom tiers are floors, not quotes; FX: MAD10/USD1, EUR1/USD1.10 not spot rates; taxes/usage/implementation extra; CAC and LTV USD; early concierge GM may be30–60%; no claim of measured LTV"
SAAS-004,USA / International,Business,USD1200,USD12960,MEP subcontractors; 10–100 staff; 3+ simultaneous projects,USD599 professional baseline; mixed ARPU UNKNOWN,75–88,USD800–3000,1.0–2.5,USD10782–12651 (24-month capped GP proxy),3.6–15.8,1.5–6.7,17,84,167,LOW — all economics modeled,"ASSUMPTION: Proposed subscription; annual 10% discount; custom tiers are floors, not quotes; FX: MAD10/USD1, EUR1/USD1.10 not spot rates; taxes/usage/implementation extra; CAC and LTV USD; early concierge GM may be30–60%; no claim of measured LTV"
SAAS-004,USA / International,Enterprise,USD2400,USD25920,MEP subcontractors; 10–100 staff; 3+ simultaneous projects,USD599 professional baseline; mixed ARPU UNKNOWN,75–88,USD800–3000,1.0–2.5,USD10782–12651 (24-month capped GP proxy),3.6–15.8,1.5–6.7,17,84,167,LOW — all economics modeled,"ASSUMPTION: Proposed subscription; annual 10% discount; custom tiers are floors, not quotes; FX: MAD10/USD1, EUR1/USD1.10 not spot rates; taxes/usage/implementation extra; CAC and LTV USD; early concierge GM may be30–60%; no claim of measured LTV"
SAAS-004,USA / International,High-ticket / custom,USD3590,USD38772,MEP subcontractors; 10–100 staff; 3+ simultaneous projects,USD599 professional baseline; mixed ARPU UNKNOWN,75–88,USD800–3000,1.0–2.5,USD10782–12651 (24-month capped GP proxy),3.6–15.8,1.5–6.7,17,84,167,LOW — all economics modeled,"ASSUMPTION: Proposed subscription; annual 10% discount; custom tiers are floors, not quotes; FX: MAD10/USD1, EUR1/USD1.10 not spot rates; taxes/usage/implementation extra; CAC and LTV USD; early concierge GM may be30–60%; no claim of measured LTV"
SAAS-006,Morocco,Free strategy,No ongoing free plan / sandbox only,N/A,Engineering/IT suppliers; 20–150 staff; 2+ bids/month,MAD4500 professional baseline; mixed ARPU UNKNOWN,65–85,USD250–900,1.0–3.0,USD7020–9180 (24-month capped GP proxy),7.8–36.7,0.7–3.1,23,112,223,LOW — all economics modeled,"ASSUMPTION: No permanent free production plan; redacted-data audit; FX: MAD10/USD1, EUR1/USD1.10 not spot rates; taxes/usage/implementation extra; CAC and LTV USD; early concierge GM may be30–60%; no claim of measured LTV"
SAAS-006,Morocco,Trial strategy,No ongoing free plan / sandbox only,N/A,Engineering/IT suppliers; 20–150 staff; 2+ bids/month,MAD4500 professional baseline; mixed ARPU UNKNOWN,65–85,USD250–900,1.0–3.0,USD7020–9180 (24-month capped GP proxy),7.8–36.7,0.7–3.1,23,112,223,LOW — all economics modeled,"ASSUMPTION: 14-day sandbox;30-day paid concierge pilot at Pro; no fake free delivery; FX: MAD10/USD1, EUR1/USD1.10 not spot rates; taxes/usage/implementation extra; CAC and LTV USD; early concierge GM may be30–60%; no claim of measured LTV"
SAAS-006,Morocco,Starter,MAD2700,MAD29160,Engineering/IT suppliers; 20–150 staff; 2+ bids/month,MAD4500 professional baseline; mixed ARPU UNKNOWN,65–85,USD250–900,1.0–3.0,USD7020–9180 (24-month capped GP proxy),7.8–36.7,0.7–3.1,23,112,223,LOW — all economics modeled,"ASSUMPTION: Proposed subscription; annual 10% discount; custom tiers are floors, not quotes; FX: MAD10/USD1, EUR1/USD1.10 not spot rates; taxes/usage/implementation extra; CAC and LTV USD; early concierge GM may be30–60%; no claim of measured LTV"
SAAS-006,Morocco,Professional,MAD4500,MAD48600,Engineering/IT suppliers; 20–150 staff; 2+ bids/month,MAD4500 professional baseline; mixed ARPU UNKNOWN,65–85,USD250–900,1.0–3.0,USD7020–9180 (24-month capped GP proxy),7.8–36.7,0.7–3.1,23,112,223,LOW — all economics modeled,"ASSUMPTION: Proposed subscription; annual 10% discount; custom tiers are floors, not quotes; FX: MAD10/USD1, EUR1/USD1.10 not spot rates; taxes/usage/implementation extra; CAC and LTV USD; early concierge GM may be30–60%; no claim of measured LTV"
SAAS-006,Morocco,Business,MAD9000,MAD97200,Engineering/IT suppliers; 20–150 staff; 2+ bids/month,MAD4500 professional baseline; mixed ARPU UNKNOWN,65–85,USD250–900,1.0–3.0,USD7020–9180 (24-month capped GP proxy),7.8–36.7,0.7–3.1,23,112,223,LOW — all economics modeled,"ASSUMPTION: Proposed subscription; annual 10% discount; custom tiers are floors, not quotes; FX: MAD10/USD1, EUR1/USD1.10 not spot rates; taxes/usage/implementation extra; CAC and LTV USD; early concierge GM may be30–60%; no claim of measured LTV"
SAAS-006,Morocco,Enterprise,MAD18000,MAD194400,Engineering/IT suppliers; 20–150 staff; 2+ bids/month,MAD4500 professional baseline; mixed ARPU UNKNOWN,65–85,USD250–900,1.0–3.0,USD7020–9180 (24-month capped GP proxy),7.8–36.7,0.7–3.1,23,112,223,LOW — all economics modeled,"ASSUMPTION: Proposed subscription; annual 10% discount; custom tiers are floors, not quotes; FX: MAD10/USD1, EUR1/USD1.10 not spot rates; taxes/usage/implementation extra; CAC and LTV USD; early concierge GM may be30–60%; no claim of measured LTV"
SAAS-006,Morocco,High-ticket / custom,MAD27000,MAD291600,Engineering/IT suppliers; 20–150 staff; 2+ bids/month,MAD4500 professional baseline; mixed ARPU UNKNOWN,65–85,USD250–900,1.0–3.0,USD7020–9180 (24-month capped GP proxy),7.8–36.7,0.7–3.1,23,112,223,LOW — all economics modeled,"ASSUMPTION: Proposed subscription; annual 10% discount; custom tiers are floors, not quotes; FX: MAD10/USD1, EUR1/USD1.10 not spot rates; taxes/usage/implementation extra; CAC and LTV USD; early concierge GM may be30–60%; no claim of measured LTV"
SAAS-006,Europe,Free strategy,No ongoing free plan / sandbox only,N/A,Engineering/IT suppliers; 20–150 staff; 2+ bids/month,EUR599 professional baseline; mixed ARPU UNKNOWN,65–85,USD1000–4000,1.0–3.0,USD10279–13442 (24-month capped GP proxy),2.6–13.4,1.8–9.3,16,76,152,LOW — all economics modeled,"ASSUMPTION: No permanent free production plan; redacted-data audit; FX: MAD10/USD1, EUR1/USD1.10 not spot rates; taxes/usage/implementation extra; CAC and LTV USD; early concierge GM may be30–60%; no claim of measured LTV"
SAAS-006,Europe,Trial strategy,No ongoing free plan / sandbox only,N/A,Engineering/IT suppliers; 20–150 staff; 2+ bids/month,EUR599 professional baseline; mixed ARPU UNKNOWN,65–85,USD1000–4000,1.0–3.0,USD10279–13442 (24-month capped GP proxy),2.6–13.4,1.8–9.3,16,76,152,LOW — all economics modeled,"ASSUMPTION: 14-day sandbox;30-day paid concierge pilot at Pro; no fake free delivery; FX: MAD10/USD1, EUR1/USD1.10 not spot rates; taxes/usage/implementation extra; CAC and LTV USD; early concierge GM may be30–60%; no claim of measured LTV"
SAAS-006,Europe,Starter,EUR360,EUR3888,Engineering/IT suppliers; 20–150 staff; 2+ bids/month,EUR599 professional baseline; mixed ARPU UNKNOWN,65–85,USD1000–4000,1.0–3.0,USD10279–13442 (24-month capped GP proxy),2.6–13.4,1.8–9.3,16,76,152,LOW — all economics modeled,"ASSUMPTION: Proposed subscription; annual 10% discount; custom tiers are floors, not quotes; FX: MAD10/USD1, EUR1/USD1.10 not spot rates; taxes/usage/implementation extra; CAC and LTV USD; early concierge GM may be30–60%; no claim of measured LTV"
SAAS-006,Europe,Professional,EUR599,EUR6469,Engineering/IT suppliers; 20–150 staff; 2+ bids/month,EUR599 professional baseline; mixed ARPU UNKNOWN,65–85,USD1000–4000,1.0–3.0,USD10279–13442 (24-month capped GP proxy),2.6–13.4,1.8–9.3,16,76,152,LOW — all economics modeled,"ASSUMPTION: Proposed subscription; annual 10% discount; custom tiers are floors, not quotes; FX: MAD10/USD1, EUR1/USD1.10 not spot rates; taxes/usage/implementation extra; CAC and LTV USD; early concierge GM may be30–60%; no claim of measured LTV"
SAAS-006,Europe,Business,EUR1200,EUR12960,Engineering/IT suppliers; 20–150 staff; 2+ bids/month,EUR599 professional baseline; mixed ARPU UNKNOWN,65–85,USD1000–4000,1.0–3.0,USD10279–13442 (24-month capped GP proxy),2.6–13.4,1.8–9.3,16,76,152,LOW — all economics modeled,"ASSUMPTION: Proposed subscription; annual 10% discount; custom tiers are floors, not quotes; FX: MAD10/USD1, EUR1/USD1.10 not spot rates; taxes/usage/implementation extra; CAC and LTV USD; early concierge GM may be30–60%; no claim of measured LTV"
SAAS-006,Europe,Enterprise,EUR2400,EUR25920,Engineering/IT suppliers; 20–150 staff; 2+ bids/month,EUR599 professional baseline; mixed ARPU UNKNOWN,65–85,USD1000–4000,1.0–3.0,USD10279–13442 (24-month capped GP proxy),2.6–13.4,1.8–9.3,16,76,152,LOW — all economics modeled,"ASSUMPTION: Proposed subscription; annual 10% discount; custom tiers are floors, not quotes; FX: MAD10/USD1, EUR1/USD1.10 not spot rates; taxes/usage/implementation extra; CAC and LTV USD; early concierge GM may be30–60%; no claim of measured LTV"
SAAS-006,Europe,High-ticket / custom,EUR3590,EUR38772,Engineering/IT suppliers; 20–150 staff; 2+ bids/month,EUR599 professional baseline; mixed ARPU UNKNOWN,65–85,USD1000–4000,1.0–3.0,USD10279–13442 (24-month capped GP proxy),2.6–13.4,1.8–9.3,16,76,152,LOW — all economics modeled,"ASSUMPTION: Proposed subscription; annual 10% discount; custom tiers are floors, not quotes; FX: MAD10/USD1, EUR1/USD1.10 not spot rates; taxes/usage/implementation extra; CAC and LTV USD; early concierge GM may be30–60%; no claim of measured LTV"
SAAS-006,USA / International,Free strategy,No ongoing free plan / sandbox only,N/A,Engineering/IT suppliers; 20–150 staff; 2+ bids/month,USD799 professional baseline; mixed ARPU UNKNOWN,65–85,USD1000–4000,1.0–3.0,USD12464–16300 (24-month capped GP proxy),3.1–16.3,1.5–7.7,13,63,126,LOW — all economics modeled,"ASSUMPTION: No permanent free production plan; redacted-data audit; FX: MAD10/USD1, EUR1/USD1.10 not spot rates; taxes/usage/implementation extra; CAC and LTV USD; early concierge GM may be30–60%; no claim of measured LTV"
SAAS-006,USA / International,Trial strategy,No ongoing free plan / sandbox only,N/A,Engineering/IT suppliers; 20–150 staff; 2+ bids/month,USD799 professional baseline; mixed ARPU UNKNOWN,65–85,USD1000–4000,1.0–3.0,USD12464–16300 (24-month capped GP proxy),3.1–16.3,1.5–7.7,13,63,126,LOW — all economics modeled,"ASSUMPTION: 14-day sandbox;30-day paid concierge pilot at Pro; no fake free delivery; FX: MAD10/USD1, EUR1/USD1.10 not spot rates; taxes/usage/implementation extra; CAC and LTV USD; early concierge GM may be30–60%; no claim of measured LTV"
SAAS-006,USA / International,Starter,USD480,USD5184,Engineering/IT suppliers; 20–150 staff; 2+ bids/month,USD799 professional baseline; mixed ARPU UNKNOWN,65–85,USD1000–4000,1.0–3.0,USD12464–16300 (24-month capped GP proxy),3.1–16.3,1.5–7.7,13,63,126,LOW — all economics modeled,"ASSUMPTION: Proposed subscription; annual 10% discount; custom tiers are floors, not quotes; FX: MAD10/USD1, EUR1/USD1.10 not spot rates; taxes/usage/implementation extra; CAC and LTV USD; early concierge GM may be30–60%; no claim of measured LTV"
SAAS-006,USA / International,Professional,USD799,USD8629,Engineering/IT suppliers; 20–150 staff; 2+ bids/month,USD799 professional baseline; mixed ARPU UNKNOWN,65–85,USD1000–4000,1.0–3.0,USD12464–16300 (24-month capped GP proxy),3.1–16.3,1.5–7.7,13,63,126,LOW — all economics modeled,"ASSUMPTION: Proposed subscription; annual 10% discount; custom tiers are floors, not quotes; FX: MAD10/USD1, EUR1/USD1.10 not spot rates; taxes/usage/implementation extra; CAC and LTV USD; early concierge GM may be30–60%; no claim of measured LTV"
SAAS-006,USA / International,Business,USD1600,USD17280,Engineering/IT suppliers; 20–150 staff; 2+ bids/month,USD799 professional baseline; mixed ARPU UNKNOWN,65–85,USD1000–4000,1.0–3.0,USD12464–16300 (24-month capped GP proxy),3.1–16.3,1.5–7.7,13,63,126,LOW — all economics modeled,"ASSUMPTION: Proposed subscription; annual 10% discount; custom tiers are floors, not quotes; FX: MAD10/USD1, EUR1/USD1.10 not spot rates; taxes/usage/implementation extra; CAC and LTV USD; early concierge GM may be30–60%; no claim of measured LTV"
SAAS-006,USA / International,Enterprise,USD3200,USD34560,Engineering/IT suppliers; 20–150 staff; 2+ bids/month,USD799 professional baseline; mixed ARPU UNKNOWN,65–85,USD1000–4000,1.0–3.0,USD12464–16300 (24-month capped GP proxy),3.1–16.3,1.5–7.7,13,63,126,LOW — all economics modeled,"ASSUMPTION: Proposed subscription; annual 10% discount; custom tiers are floors, not quotes; FX: MAD10/USD1, EUR1/USD1.10 not spot rates; taxes/usage/implementation extra; CAC and LTV USD; early concierge GM may be30–60%; no claim of measured LTV"
SAAS-006,USA / International,High-ticket / custom,USD4790,USD51732,Engineering/IT suppliers; 20–150 staff; 2+ bids/month,USD799 professional baseline; mixed ARPU UNKNOWN,65–85,USD1000–4000,1.0–3.0,USD12464–16300 (24-month capped GP proxy),3.1–16.3,1.5–7.7,13,63,126,LOW — all economics modeled,"ASSUMPTION: Proposed subscription; annual 10% discount; custom tiers are floors, not quotes; FX: MAD10/USD1, EUR1/USD1.10 not spot rates; taxes/usage/implementation extra; CAC and LTV USD; early concierge GM may be30–60%; no claim of measured LTV"
SAAS-007,Morocco,Free strategy,No ongoing free plan / sandbox only,N/A,Retainer agencies; 10–50 staff; 15+ active retainers,MAD1800 professional baseline; mixed ARPU UNKNOWN,80–90,USD250–900,1.5–4.0,USD3456–3888 (24-month capped GP proxy),3.8–15.6,1.5–6.2,56,278,556,LOW — all economics modeled,"ASSUMPTION: No permanent free production plan; redacted-data audit; FX: MAD10/USD1, EUR1/USD1.10 not spot rates; taxes/usage/implementation extra; CAC and LTV USD; early concierge GM may be30–60%; no claim of measured LTV"
SAAS-007,Morocco,Trial strategy,No ongoing free plan / sandbox only,N/A,Retainer agencies; 10–50 staff; 15+ active retainers,MAD1800 professional baseline; mixed ARPU UNKNOWN,80–90,USD250–900,1.5–4.0,USD3456–3888 (24-month capped GP proxy),3.8–15.6,1.5–6.2,56,278,556,LOW — all economics modeled,"ASSUMPTION: 14-day sandbox;30-day paid concierge pilot at Pro; no fake free delivery; FX: MAD10/USD1, EUR1/USD1.10 not spot rates; taxes/usage/implementation extra; CAC and LTV USD; early concierge GM may be30–60%; no claim of measured LTV"
SAAS-007,Morocco,Starter,MAD1080,MAD11664,Retainer agencies; 10–50 staff; 15+ active retainers,MAD1800 professional baseline; mixed ARPU UNKNOWN,80–90,USD250–900,1.5–4.0,USD3456–3888 (24-month capped GP proxy),3.8–15.6,1.5–6.2,56,278,556,LOW — all economics modeled,"ASSUMPTION: Proposed subscription; annual 10% discount; custom tiers are floors, not quotes; FX: MAD10/USD1, EUR1/USD1.10 not spot rates; taxes/usage/implementation extra; CAC and LTV USD; early concierge GM may be30–60%; no claim of measured LTV"
SAAS-007,Morocco,Professional,MAD1800,MAD19440,Retainer agencies; 10–50 staff; 15+ active retainers,MAD1800 professional baseline; mixed ARPU UNKNOWN,80–90,USD250–900,1.5–4.0,USD3456–3888 (24-month capped GP proxy),3.8–15.6,1.5–6.2,56,278,556,LOW — all economics modeled,"ASSUMPTION: Proposed subscription; annual 10% discount; custom tiers are floors, not quotes; FX: MAD10/USD1, EUR1/USD1.10 not spot rates; taxes/usage/implementation extra; CAC and LTV USD; early concierge GM may be30–60%; no claim of measured LTV"
SAAS-007,Morocco,Business,MAD3600,MAD38880,Retainer agencies; 10–50 staff; 15+ active retainers,MAD1800 professional baseline; mixed ARPU UNKNOWN,80–90,USD250–900,1.5–4.0,USD3456–3888 (24-month capped GP proxy),3.8–15.6,1.5–6.2,56,278,556,LOW — all economics modeled,"ASSUMPTION: Proposed subscription; annual 10% discount; custom tiers are floors, not quotes; FX: MAD10/USD1, EUR1/USD1.10 not spot rates; taxes/usage/implementation extra; CAC and LTV USD; early concierge GM may be30–60%; no claim of measured LTV"
SAAS-007,Morocco,Enterprise,MAD7200,MAD77760,Retainer agencies; 10–50 staff; 15+ active retainers,MAD1800 professional baseline; mixed ARPU UNKNOWN,80–90,USD250–900,1.5–4.0,USD3456–3888 (24-month capped GP proxy),3.8–15.6,1.5–6.2,56,278,556,LOW — all economics modeled,"ASSUMPTION: Proposed subscription; annual 10% discount; custom tiers are floors, not quotes; FX: MAD10/USD1, EUR1/USD1.10 not spot rates; taxes/usage/implementation extra; CAC and LTV USD; early concierge GM may be30–60%; no claim of measured LTV"
SAAS-007,Morocco,High-ticket / custom,MAD10800,MAD116640,Retainer agencies; 10–50 staff; 15+ active retainers,MAD1800 professional baseline; mixed ARPU UNKNOWN,80–90,USD250–900,1.5–4.0,USD3456–3888 (24-month capped GP proxy),3.8–15.6,1.5–6.2,56,278,556,LOW — all economics modeled,"ASSUMPTION: Proposed subscription; annual 10% discount; custom tiers are floors, not quotes; FX: MAD10/USD1, EUR1/USD1.10 not spot rates; taxes/usage/implementation extra; CAC and LTV USD; early concierge GM may be30–60%; no claim of measured LTV"
SAAS-007,Europe,Free strategy,No ongoing free plan / sandbox only,N/A,Retainer agencies; 10–50 staff; 15+ active retainers,EUR199 professional baseline; mixed ARPU UNKNOWN,80–90,USD300–1200,1.5–4.0,USD4203–4728 (24-month capped GP proxy),3.5–15.8,1.5–6.9,46,229,457,LOW — all economics modeled,"ASSUMPTION: No permanent free production plan; redacted-data audit; FX: MAD10/USD1, EUR1/USD1.10 not spot rates; taxes/usage/implementation extra; CAC and LTV USD; early concierge GM may be30–60%; no claim of measured LTV"
SAAS-007,Europe,Trial strategy,No ongoing free plan / sandbox only,N/A,Retainer agencies; 10–50 staff; 15+ active retainers,EUR199 professional baseline; mixed ARPU UNKNOWN,80–90,USD300–1200,1.5–4.0,USD4203–4728 (24-month capped GP proxy),3.5–15.8,1.5–6.9,46,229,457,LOW — all economics modeled,"ASSUMPTION: 14-day sandbox;30-day paid concierge pilot at Pro; no fake free delivery; FX: MAD10/USD1, EUR1/USD1.10 not spot rates; taxes/usage/implementation extra; CAC and LTV USD; early concierge GM may be30–60%; no claim of measured LTV"
SAAS-007,Europe,Starter,EUR120,EUR1296,Retainer agencies; 10–50 staff; 15+ active retainers,EUR199 professional baseline; mixed ARPU UNKNOWN,80–90,USD300–1200,1.5–4.0,USD4203–4728 (24-month capped GP proxy),3.5–15.8,1.5–6.9,46,229,457,LOW — all economics modeled,"ASSUMPTION: Proposed subscription; annual 10% discount; custom tiers are floors, not quotes; FX: MAD10/USD1, EUR1/USD1.10 not spot rates; taxes/usage/implementation extra; CAC and LTV USD; early concierge GM may be30–60%; no claim of measured LTV"
SAAS-007,Europe,Professional,EUR199,EUR2149,Retainer agencies; 10–50 staff; 15+ active retainers,EUR199 professional baseline; mixed ARPU UNKNOWN,80–90,USD300–1200,1.5–4.0,USD4203–4728 (24-month capped GP proxy),3.5–15.8,1.5–6.9,46,229,457,LOW — all economics modeled,"ASSUMPTION: Proposed subscription; annual 10% discount; custom tiers are floors, not quotes; FX: MAD10/USD1, EUR1/USD1.10 not spot rates; taxes/usage/implementation extra; CAC and LTV USD; early concierge GM may be30–60%; no claim of measured LTV"
SAAS-007,Europe,Business,EUR400,EUR4320,Retainer agencies; 10–50 staff; 15+ active retainers,EUR199 professional baseline; mixed ARPU UNKNOWN,80–90,USD300–1200,1.5–4.0,USD4203–4728 (24-month capped GP proxy),3.5–15.8,1.5–6.9,46,229,457,LOW — all economics modeled,"ASSUMPTION: Proposed subscription; annual 10% discount; custom tiers are floors, not quotes; FX: MAD10/USD1, EUR1/USD1.10 not spot rates; taxes/usage/implementation extra; CAC and LTV USD; early concierge GM may be30–60%; no claim of measured LTV"
SAAS-007,Europe,Enterprise,EUR800,EUR8640,Retainer agencies; 10–50 staff; 15+ active retainers,EUR199 professional baseline; mixed ARPU UNKNOWN,80–90,USD300–1200,1.5–4.0,USD4203–4728 (24-month capped GP proxy),3.5–15.8,1.5–6.9,46,229,457,LOW — all economics modeled,"ASSUMPTION: Proposed subscription; annual 10% discount; custom tiers are floors, not quotes; FX: MAD10/USD1, EUR1/USD1.10 not spot rates; taxes/usage/implementation extra; CAC and LTV USD; early concierge GM may be30–60%; no claim of measured LTV"
SAAS-007,Europe,High-ticket / custom,EUR1190,EUR12852,Retainer agencies; 10–50 staff; 15+ active retainers,EUR199 professional baseline; mixed ARPU UNKNOWN,80–90,USD300–1200,1.5–4.0,USD4203–4728 (24-month capped GP proxy),3.5–15.8,1.5–6.9,46,229,457,LOW — all economics modeled,"ASSUMPTION: Proposed subscription; annual 10% discount; custom tiers are floors, not quotes; FX: MAD10/USD1, EUR1/USD1.10 not spot rates; taxes/usage/implementation extra; CAC and LTV USD; early concierge GM may be30–60%; no claim of measured LTV"
SAAS-007,USA / International,Free strategy,No ongoing free plan / sandbox only,N/A,Retainer agencies; 10–50 staff; 15+ active retainers,USD249 professional baseline; mixed ARPU UNKNOWN,80–90,USD300–1200,1.5–4.0,USD4781–5378 (24-month capped GP proxy),4.0–17.9,1.3–6.0,41,201,402,LOW — all economics modeled,"ASSUMPTION: No permanent free production plan; redacted-data audit; FX: MAD10/USD1, EUR1/USD1.10 not spot rates; taxes/usage/implementation extra; CAC and LTV USD; early concierge GM may be30–60%; no claim of measured LTV"
SAAS-007,USA / International,Trial strategy,No ongoing free plan / sandbox only,N/A,Retainer agencies; 10–50 staff; 15+ active retainers,USD249 professional baseline; mixed ARPU UNKNOWN,80–90,USD300–1200,1.5–4.0,USD4781–5378 (24-month capped GP proxy),4.0–17.9,1.3–6.0,41,201,402,LOW — all economics modeled,"ASSUMPTION: 14-day sandbox;30-day paid concierge pilot at Pro; no fake free delivery; FX: MAD10/USD1, EUR1/USD1.10 not spot rates; taxes/usage/implementation extra; CAC and LTV USD; early concierge GM may be30–60%; no claim of measured LTV"
SAAS-007,USA / International,Starter,USD150,USD1620,Retainer agencies; 10–50 staff; 15+ active retainers,USD249 professional baseline; mixed ARPU UNKNOWN,80–90,USD300–1200,1.5–4.0,USD4781–5378 (24-month capped GP proxy),4.0–17.9,1.3–6.0,41,201,402,LOW — all economics modeled,"ASSUMPTION: Proposed subscription; annual 10% discount; custom tiers are floors, not quotes; FX: MAD10/USD1, EUR1/USD1.10 not spot rates; taxes/usage/implementation extra; CAC and LTV USD; early concierge GM may be30–60%; no claim of measured LTV"
SAAS-007,USA / International,Professional,USD249,USD2689,Retainer agencies; 10–50 staff; 15+ active retainers,USD249 professional baseline; mixed ARPU UNKNOWN,80–90,USD300–1200,1.5–4.0,USD4781–5378 (24-month capped GP proxy),4.0–17.9,1.3–6.0,41,201,402,LOW — all economics modeled,"ASSUMPTION: Proposed subscription; annual 10% discount; custom tiers are floors, not quotes; FX: MAD10/USD1, EUR1/USD1.10 not spot rates; taxes/usage/implementation extra; CAC and LTV USD; early concierge GM may be30–60%; no claim of measured LTV"
SAAS-007,USA / International,Business,USD500,USD5400,Retainer agencies; 10–50 staff; 15+ active retainers,USD249 professional baseline; mixed ARPU UNKNOWN,80–90,USD300–1200,1.5–4.0,USD4781–5378 (24-month capped GP proxy),4.0–17.9,1.3–6.0,41,201,402,LOW — all economics modeled,"ASSUMPTION: Proposed subscription; annual 10% discount; custom tiers are floors, not quotes; FX: MAD10/USD1, EUR1/USD1.10 not spot rates; taxes/usage/implementation extra; CAC and LTV USD; early concierge GM may be30–60%; no claim of measured LTV"
SAAS-007,USA / International,Enterprise,USD1000,USD10800,Retainer agencies; 10–50 staff; 15+ active retainers,USD249 professional baseline; mixed ARPU UNKNOWN,80–90,USD300–1200,1.5–4.0,USD4781–5378 (24-month capped GP proxy),4.0–17.9,1.3–6.0,41,201,402,LOW — all economics modeled,"ASSUMPTION: Proposed subscription; annual 10% discount; custom tiers are floors, not quotes; FX: MAD10/USD1, EUR1/USD1.10 not spot rates; taxes/usage/implementation extra; CAC and LTV USD; early concierge GM may be30–60%; no claim of measured LTV"
SAAS-007,USA / International,High-ticket / custom,USD1490,USD16092,Retainer agencies; 10–50 staff; 15+ active retainers,USD249 professional baseline; mixed ARPU UNKNOWN,80–90,USD300–1200,1.5–4.0,USD4781–5378 (24-month capped GP proxy),4.0–17.9,1.3–6.0,41,201,402,LOW — all economics modeled,"ASSUMPTION: Proposed subscription; annual 10% discount; custom tiers are floors, not quotes; FX: MAD10/USD1, EUR1/USD1.10 not spot rates; taxes/usage/implementation extra; CAC and LTV USD; early concierge GM may be30–60%; no claim of measured LTV"
SAAS-009,Morocco,Free strategy,No ongoing free plan / sandbox only,N/A,Private schools; 300–1500 pupils; dedicated bursar,MAD2500 professional baseline; mixed ARPU UNKNOWN,65–82,USD250–900,0.5–1.5,USD3900–4920 (24-month capped GP proxy),4.3–19.7,1.2–5.5,40,200,400,LOW — all economics modeled,"ASSUMPTION: No permanent free production plan; redacted-data audit; FX: MAD10/USD1, EUR1/USD1.10 not spot rates; taxes/usage/implementation extra; CAC and LTV USD; early concierge GM may be30–60%; no claim of measured LTV"
SAAS-009,Morocco,Trial strategy,No ongoing free plan / sandbox only,N/A,Private schools; 300–1500 pupils; dedicated bursar,MAD2500 professional baseline; mixed ARPU UNKNOWN,65–82,USD250–900,0.5–1.5,USD3900–4920 (24-month capped GP proxy),4.3–19.7,1.2–5.5,40,200,400,LOW — all economics modeled,"ASSUMPTION: 14-day sandbox;30-day paid concierge pilot at Pro; no fake free delivery; FX: MAD10/USD1, EUR1/USD1.10 not spot rates; taxes/usage/implementation extra; CAC and LTV USD; early concierge GM may be30–60%; no claim of measured LTV"
SAAS-009,Morocco,Starter,MAD1500,MAD16200,Private schools; 300–1500 pupils; dedicated bursar,MAD2500 professional baseline; mixed ARPU UNKNOWN,65–82,USD250–900,0.5–1.5,USD3900–4920 (24-month capped GP proxy),4.3–19.7,1.2–5.5,40,200,400,LOW — all economics modeled,"ASSUMPTION: Proposed subscription; annual 10% discount; custom tiers are floors, not quotes; FX: MAD10/USD1, EUR1/USD1.10 not spot rates; taxes/usage/implementation extra; CAC and LTV USD; early concierge GM may be30–60%; no claim of measured LTV"
SAAS-009,Morocco,Professional,MAD2500,MAD27000,Private schools; 300–1500 pupils; dedicated bursar,MAD2500 professional baseline; mixed ARPU UNKNOWN,65–82,USD250–900,0.5–1.5,USD3900–4920 (24-month capped GP proxy),4.3–19.7,1.2–5.5,40,200,400,LOW — all economics modeled,"ASSUMPTION: Proposed subscription; annual 10% discount; custom tiers are floors, not quotes; FX: MAD10/USD1, EUR1/USD1.10 not spot rates; taxes/usage/implementation extra; CAC and LTV USD; early concierge GM may be30–60%; no claim of measured LTV"
SAAS-009,Morocco,Business,MAD5000,MAD54000,Private schools; 300–1500 pupils; dedicated bursar,MAD2500 professional baseline; mixed ARPU UNKNOWN,65–82,USD250–900,0.5–1.5,USD3900–4920 (24-month capped GP proxy),4.3–19.7,1.2–5.5,40,200,400,LOW — all economics modeled,"ASSUMPTION: Proposed subscription; annual 10% discount; custom tiers are floors, not quotes; FX: MAD10/USD1, EUR1/USD1.10 not spot rates; taxes/usage/implementation extra; CAC and LTV USD; early concierge GM may be30–60%; no claim of measured LTV"
SAAS-009,Morocco,Enterprise,MAD10000,MAD108000,Private schools; 300–1500 pupils; dedicated bursar,MAD2500 professional baseline; mixed ARPU UNKNOWN,65–82,USD250–900,0.5–1.5,USD3900–4920 (24-month capped GP proxy),4.3–19.7,1.2–5.5,40,200,400,LOW — all economics modeled,"ASSUMPTION: Proposed subscription; annual 10% discount; custom tiers are floors, not quotes; FX: MAD10/USD1, EUR1/USD1.10 not spot rates; taxes/usage/implementation extra; CAC and LTV USD; early concierge GM may be30–60%; no claim of measured LTV"
SAAS-009,Morocco,High-ticket / custom,MAD15000,MAD162000,Private schools; 300–1500 pupils; dedicated bursar,MAD2500 professional baseline; mixed ARPU UNKNOWN,65–82,USD250–900,0.5–1.5,USD3900–4920 (24-month capped GP proxy),4.3–19.7,1.2–5.5,40,200,400,LOW — all economics modeled,"ASSUMPTION: Proposed subscription; annual 10% discount; custom tiers are floors, not quotes; FX: MAD10/USD1, EUR1/USD1.10 not spot rates; taxes/usage/implementation extra; CAC and LTV USD; early concierge GM may be30–60%; no claim of measured LTV"
SAAS-009,Europe,Free strategy,No ongoing free plan / sandbox only,N/A,Private schools; 300–1500 pupils; dedicated bursar,EUR349 professional baseline; mixed ARPU UNKNOWN,65–82,USD600–2400,0.5–1.5,USD5989–7555 (24-month capped GP proxy),2.5–12.6,1.9–9.6,27,131,261,LOW — all economics modeled,"ASSUMPTION: No permanent free production plan; redacted-data audit; FX: MAD10/USD1, EUR1/USD1.10 not spot rates; taxes/usage/implementation extra; CAC and LTV USD; early concierge GM may be30–60%; no claim of measured LTV"
SAAS-009,Europe,Trial strategy,No ongoing free plan / sandbox only,N/A,Private schools; 300–1500 pupils; dedicated bursar,EUR349 professional baseline; mixed ARPU UNKNOWN,65–82,USD600–2400,0.5–1.5,USD5989–7555 (24-month capped GP proxy),2.5–12.6,1.9–9.6,27,131,261,LOW — all economics modeled,"ASSUMPTION: 14-day sandbox;30-day paid concierge pilot at Pro; no fake free delivery; FX: MAD10/USD1, EUR1/USD1.10 not spot rates; taxes/usage/implementation extra; CAC and LTV USD; early concierge GM may be30–60%; no claim of measured LTV"
SAAS-009,Europe,Starter,EUR210,EUR2268,Private schools; 300–1500 pupils; dedicated bursar,EUR349 professional baseline; mixed ARPU UNKNOWN,65–82,USD600–2400,0.5–1.5,USD5989–7555 (24-month capped GP proxy),2.5–12.6,1.9–9.6,27,131,261,LOW — all economics modeled,"ASSUMPTION: Proposed subscription; annual 10% discount; custom tiers are floors, not quotes; FX: MAD10/USD1, EUR1/USD1.10 not spot rates; taxes/usage/implementation extra; CAC and LTV USD; early concierge GM may be30–60%; no claim of measured LTV"
SAAS-009,Europe,Professional,EUR349,EUR3769,Private schools; 300–1500 pupils; dedicated bursar,EUR349 professional baseline; mixed ARPU UNKNOWN,65–82,USD600–2400,0.5–1.5,USD5989–7555 (24-month capped GP proxy),2.5–12.6,1.9–9.6,27,131,261,LOW — all economics modeled,"ASSUMPTION: Proposed subscription; annual 10% discount; custom tiers are floors, not quotes; FX: MAD10/USD1, EUR1/USD1.10 not spot rates; taxes/usage/implementation extra; CAC and LTV USD; early concierge GM may be30–60%; no claim of measured LTV"
SAAS-009,Europe,Business,EUR700,EUR7560,Private schools; 300–1500 pupils; dedicated bursar,EUR349 professional baseline; mixed ARPU UNKNOWN,65–82,USD600–2400,0.5–1.5,USD5989–7555 (24-month capped GP proxy),2.5–12.6,1.9–9.6,27,131,261,LOW — all economics modeled,"ASSUMPTION: Proposed subscription; annual 10% discount; custom tiers are floors, not quotes; FX: MAD10/USD1, EUR1/USD1.10 not spot rates; taxes/usage/implementation extra; CAC and LTV USD; early concierge GM may be30–60%; no claim of measured LTV"
SAAS-009,Europe,Enterprise,EUR1400,EUR15120,Private schools; 300–1500 pupils; dedicated bursar,EUR349 professional baseline; mixed ARPU UNKNOWN,65–82,USD600–2400,0.5–1.5,USD5989–7555 (24-month capped GP proxy),2.5–12.6,1.9–9.6,27,131,261,LOW — all economics modeled,"ASSUMPTION: Proposed subscription; annual 10% discount; custom tiers are floors, not quotes; FX: MAD10/USD1, EUR1/USD1.10 not spot rates; taxes/usage/implementation extra; CAC and LTV USD; early concierge GM may be30–60%; no claim of measured LTV"
SAAS-009,Europe,High-ticket / custom,EUR2090,EUR22572,Private schools; 300–1500 pupils; dedicated bursar,EUR349 professional baseline; mixed ARPU UNKNOWN,65–82,USD600–2400,0.5–1.5,USD5989–7555 (24-month capped GP proxy),2.5–12.6,1.9–9.6,27,131,261,LOW — all economics modeled,"ASSUMPTION: Proposed subscription; annual 10% discount; custom tiers are floors, not quotes; FX: MAD10/USD1, EUR1/USD1.10 not spot rates; taxes/usage/implementation extra; CAC and LTV USD; early concierge GM may be30–60%; no claim of measured LTV"
SAAS-009,USA / International,Free strategy,No ongoing free plan / sandbox only,N/A,Private schools; 300–1500 pupils; dedicated bursar,USD399 professional baseline; mixed ARPU UNKNOWN,65–82,USD600–2400,0.5–1.5,USD6224–7852 (24-month capped GP proxy),2.6–13.1,1.8–9.3,26,126,251,LOW — all economics modeled,"ASSUMPTION: No permanent free production plan; redacted-data audit; FX: MAD10/USD1, EUR1/USD1.10 not spot rates; taxes/usage/implementation extra; CAC and LTV USD; early concierge GM may be30–60%; no claim of measured LTV"
SAAS-009,USA / International,Trial strategy,No ongoing free plan / sandbox only,N/A,Private schools; 300–1500 pupils; dedicated bursar,USD399 professional baseline; mixed ARPU UNKNOWN,65–82,USD600–2400,0.5–1.5,USD6224–7852 (24-month capped GP proxy),2.6–13.1,1.8–9.3,26,126,251,LOW — all economics modeled,"ASSUMPTION: 14-day sandbox;30-day paid concierge pilot at Pro; no fake free delivery; FX: MAD10/USD1, EUR1/USD1.10 not spot rates; taxes/usage/implementation extra; CAC and LTV USD; early concierge GM may be30–60%; no claim of measured LTV"
SAAS-009,USA / International,Starter,USD240,USD2592,Private schools; 300–1500 pupils; dedicated bursar,USD399 professional baseline; mixed ARPU UNKNOWN,65–82,USD600–2400,0.5–1.5,USD6224–7852 (24-month capped GP proxy),2.6–13.1,1.8–9.3,26,126,251,LOW — all economics modeled,"ASSUMPTION: Proposed subscription; annual 10% discount; custom tiers are floors, not quotes; FX: MAD10/USD1, EUR1/USD1.10 not spot rates; taxes/usage/implementation extra; CAC and LTV USD; early concierge GM may be30–60%; no claim of measured LTV"
SAAS-009,USA / International,Professional,USD399,USD4309,Private schools; 300–1500 pupils; dedicated bursar,USD399 professional baseline; mixed ARPU UNKNOWN,65–82,USD600–2400,0.5–1.5,USD6224–7852 (24-month capped GP proxy),2.6–13.1,1.8–9.3,26,126,251,LOW — all economics modeled,"ASSUMPTION: Proposed subscription; annual 10% discount; custom tiers are floors, not quotes; FX: MAD10/USD1, EUR1/USD1.10 not spot rates; taxes/usage/implementation extra; CAC and LTV USD; early concierge GM may be30–60%; no claim of measured LTV"
SAAS-009,USA / International,Business,USD800,USD8640,Private schools; 300–1500 pupils; dedicated bursar,USD399 professional baseline; mixed ARPU UNKNOWN,65–82,USD600–2400,0.5–1.5,USD6224–7852 (24-month capped GP proxy),2.6–13.1,1.8–9.3,26,126,251,LOW — all economics modeled,"ASSUMPTION: Proposed subscription; annual 10% discount; custom tiers are floors, not quotes; FX: MAD10/USD1, EUR1/USD1.10 not spot rates; taxes/usage/implementation extra; CAC and LTV USD; early concierge GM may be30–60%; no claim of measured LTV"
SAAS-009,USA / International,Enterprise,USD1600,USD17280,Private schools; 300–1500 pupils; dedicated bursar,USD399 professional baseline; mixed ARPU UNKNOWN,65–82,USD600–2400,0.5–1.5,USD6224–7852 (24-month capped GP proxy),2.6–13.1,1.8–9.3,26,126,251,LOW — all economics modeled,"ASSUMPTION: Proposed subscription; annual 10% discount; custom tiers are floors, not quotes; FX: MAD10/USD1, EUR1/USD1.10 not spot rates; taxes/usage/implementation extra; CAC and LTV USD; early concierge GM may be30–60%; no claim of measured LTV"
SAAS-009,USA / International,High-ticket / custom,USD2390,USD25812,Private schools; 300–1500 pupils; dedicated bursar,USD399 professional baseline; mixed ARPU UNKNOWN,65–82,USD600–2400,0.5–1.5,USD6224–7852 (24-month capped GP proxy),2.6–13.1,1.8–9.3,26,126,251,LOW — all economics modeled,"ASSUMPTION: Proposed subscription; annual 10% discount; custom tiers are floors, not quotes; FX: MAD10/USD1, EUR1/USD1.10 not spot rates; taxes/usage/implementation extra; CAC and LTV USD; early concierge GM may be30–60%; no claim of measured LTV"
SAAS-008,Morocco,Free strategy,No ongoing free plan / sandbox only,N/A,Physiotherapy/dental groups; 3–15 practitioners; 500+ appointments/month,MAD1500 professional baseline; mixed ARPU UNKNOWN,65–82,USD250–900,1.5–3.5,USD2340–2952 (24-month capped GP proxy),2.6–11.8,2.0–9.2,67,334,667,LOW — all economics modeled,"ASSUMPTION: No permanent free production plan; redacted-data audit; FX: MAD10/USD1, EUR1/USD1.10 not spot rates; taxes/usage/implementation extra; CAC and LTV USD; early concierge GM may be30–60%; no claim of measured LTV"
SAAS-008,Morocco,Trial strategy,No ongoing free plan / sandbox only,N/A,Physiotherapy/dental groups; 3–15 practitioners; 500+ appointments/month,MAD1500 professional baseline; mixed ARPU UNKNOWN,65–82,USD250–900,1.5–3.5,USD2340–2952 (24-month capped GP proxy),2.6–11.8,2.0–9.2,67,334,667,LOW — all economics modeled,"ASSUMPTION: 14-day sandbox;30-day paid concierge pilot at Pro; no fake free delivery; FX: MAD10/USD1, EUR1/USD1.10 not spot rates; taxes/usage/implementation extra; CAC and LTV USD; early concierge GM may be30–60%; no claim of measured LTV"
SAAS-008,Morocco,Starter,MAD900,MAD9720,Physiotherapy/dental groups; 3–15 practitioners; 500+ appointments/month,MAD1500 professional baseline; mixed ARPU UNKNOWN,65–82,USD250–900,1.5–3.5,USD2340–2952 (24-month capped GP proxy),2.6–11.8,2.0–9.2,67,334,667,LOW — all economics modeled,"ASSUMPTION: Proposed subscription; annual 10% discount; custom tiers are floors, not quotes; FX: MAD10/USD1, EUR1/USD1.10 not spot rates; taxes/usage/implementation extra; CAC and LTV USD; early concierge GM may be30–60%; no claim of measured LTV"
SAAS-008,Morocco,Professional,MAD1500,MAD16200,Physiotherapy/dental groups; 3–15 practitioners; 500+ appointments/month,MAD1500 professional baseline; mixed ARPU UNKNOWN,65–82,USD250–900,1.5–3.5,USD2340–2952 (24-month capped GP proxy),2.6–11.8,2.0–9.2,67,334,667,LOW — all economics modeled,"ASSUMPTION: Proposed subscription; annual 10% discount; custom tiers are floors, not quotes; FX: MAD10/USD1, EUR1/USD1.10 not spot rates; taxes/usage/implementation extra; CAC and LTV USD; early concierge GM may be30–60%; no claim of measured LTV"
SAAS-008,Morocco,Business,MAD3000,MAD32400,Physiotherapy/dental groups; 3–15 practitioners; 500+ appointments/month,MAD1500 professional baseline; mixed ARPU UNKNOWN,65–82,USD250–900,1.5–3.5,USD2340–2952 (24-month capped GP proxy),2.6–11.8,2.0–9.2,67,334,667,LOW — all economics modeled,"ASSUMPTION: Proposed subscription; annual 10% discount; custom tiers are floors, not quotes; FX: MAD10/USD1, EUR1/USD1.10 not spot rates; taxes/usage/implementation extra; CAC and LTV USD; early concierge GM may be30–60%; no claim of measured LTV"
SAAS-008,Morocco,Enterprise,MAD6000,MAD64800,Physiotherapy/dental groups; 3–15 practitioners; 500+ appointments/month,MAD1500 professional baseline; mixed ARPU UNKNOWN,65–82,USD250–900,1.5–3.5,USD2340–2952 (24-month capped GP proxy),2.6–11.8,2.0–9.2,67,334,667,LOW — all economics modeled,"ASSUMPTION: Proposed subscription; annual 10% discount; custom tiers are floors, not quotes; FX: MAD10/USD1, EUR1/USD1.10 not spot rates; taxes/usage/implementation extra; CAC and LTV USD; early concierge GM may be30–60%; no claim of measured LTV"
SAAS-008,Morocco,High-ticket / custom,MAD9000,MAD97200,Physiotherapy/dental groups; 3–15 practitioners; 500+ appointments/month,MAD1500 professional baseline; mixed ARPU UNKNOWN,65–82,USD250–900,1.5–3.5,USD2340–2952 (24-month capped GP proxy),2.6–11.8,2.0–9.2,67,334,667,LOW — all economics modeled,"ASSUMPTION: Proposed subscription; annual 10% discount; custom tiers are floors, not quotes; FX: MAD10/USD1, EUR1/USD1.10 not spot rates; taxes/usage/implementation extra; CAC and LTV USD; early concierge GM may be30–60%; no claim of measured LTV"
SAAS-008,Europe,Free strategy,No ongoing free plan / sandbox only,N/A,Physiotherapy/dental groups; 3–15 practitioners; 500+ appointments/month,EUR199 professional baseline; mixed ARPU UNKNOWN,65–82,USD350–1500,1.5–3.5,USD3415–4308 (24-month capped GP proxy),2.3–12.3,1.9–10.5,46,229,457,LOW — all economics modeled,"ASSUMPTION: No permanent free production plan; redacted-data audit; FX: MAD10/USD1, EUR1/USD1.10 not spot rates; taxes/usage/implementation extra; CAC and LTV USD; early concierge GM may be30–60%; no claim of measured LTV"
SAAS-008,Europe,Trial strategy,No ongoing free plan / sandbox only,N/A,Physiotherapy/dental groups; 3–15 practitioners; 500+ appointments/month,EUR199 professional baseline; mixed ARPU UNKNOWN,65–82,USD350–1500,1.5–3.5,USD3415–4308 (24-month capped GP proxy),2.3–12.3,1.9–10.5,46,229,457,LOW — all economics modeled,"ASSUMPTION: 14-day sandbox;30-day paid concierge pilot at Pro; no fake free delivery; FX: MAD10/USD1, EUR1/USD1.10 not spot rates; taxes/usage/implementation extra; CAC and LTV USD; early concierge GM may be30–60%; no claim of measured LTV"
SAAS-008,Europe,Starter,EUR120,EUR1296,Physiotherapy/dental groups; 3–15 practitioners; 500+ appointments/month,EUR199 professional baseline; mixed ARPU UNKNOWN,65–82,USD350–1500,1.5–3.5,USD3415–4308 (24-month capped GP proxy),2.3–12.3,1.9–10.5,46,229,457,LOW — all economics modeled,"ASSUMPTION: Proposed subscription; annual 10% discount; custom tiers are floors, not quotes; FX: MAD10/USD1, EUR1/USD1.10 not spot rates; taxes/usage/implementation extra; CAC and LTV USD; early concierge GM may be30–60%; no claim of measured LTV"
SAAS-008,Europe,Professional,EUR199,EUR2149,Physiotherapy/dental groups; 3–15 practitioners; 500+ appointments/month,EUR199 professional baseline; mixed ARPU UNKNOWN,65–82,USD350–1500,1.5–3.5,USD3415–4308 (24-month capped GP proxy),2.3–12.3,1.9–10.5,46,229,457,LOW — all economics modeled,"ASSUMPTION: Proposed subscription; annual 10% discount; custom tiers are floors, not quotes; FX: MAD10/USD1, EUR1/USD1.10 not spot rates; taxes/usage/implementation extra; CAC and LTV USD; early concierge GM may be30–60%; no claim of measured LTV"
SAAS-008,Europe,Business,EUR400,EUR4320,Physiotherapy/dental groups; 3–15 practitioners; 500+ appointments/month,EUR199 professional baseline; mixed ARPU UNKNOWN,65–82,USD350–1500,1.5–3.5,USD3415–4308 (24-month capped GP proxy),2.3–12.3,1.9–10.5,46,229,457,LOW — all economics modeled,"ASSUMPTION: Proposed subscription; annual 10% discount; custom tiers are floors, not quotes; FX: MAD10/USD1, EUR1/USD1.10 not spot rates; taxes/usage/implementation extra; CAC and LTV USD; early concierge GM may be30–60%; no claim of measured LTV"
SAAS-008,Europe,Enterprise,EUR800,EUR8640,Physiotherapy/dental groups; 3–15 practitioners; 500+ appointments/month,EUR199 professional baseline; mixed ARPU UNKNOWN,65–82,USD350–1500,1.5–3.5,USD3415–4308 (24-month capped GP proxy),2.3–12.3,1.9–10.5,46,229,457,LOW — all economics modeled,"ASSUMPTION: Proposed subscription; annual 10% discount; custom tiers are floors, not quotes; FX: MAD10/USD1, EUR1/USD1.10 not spot rates; taxes/usage/implementation extra; CAC and LTV USD; early concierge GM may be30–60%; no claim of measured LTV"
SAAS-008,Europe,High-ticket / custom,EUR1190,EUR12852,Physiotherapy/dental groups; 3–15 practitioners; 500+ appointments/month,EUR199 professional baseline; mixed ARPU UNKNOWN,65–82,USD350–1500,1.5–3.5,USD3415–4308 (24-month capped GP proxy),2.3–12.3,1.9–10.5,46,229,457,LOW — all economics modeled,"ASSUMPTION: Proposed subscription; annual 10% discount; custom tiers are floors, not quotes; FX: MAD10/USD1, EUR1/USD1.10 not spot rates; taxes/usage/implementation extra; CAC and LTV USD; early concierge GM may be30–60%; no claim of measured LTV"
SAAS-008,USA / International,Free strategy,No ongoing free plan / sandbox only,N/A,Physiotherapy/dental groups; 3–15 practitioners; 500+ appointments/month,USD249 professional baseline; mixed ARPU UNKNOWN,65–82,USD350–1500,1.5–3.5,USD3884–4900 (24-month capped GP proxy),2.6–14.0,1.7–9.3,41,201,402,LOW — all economics modeled,"ASSUMPTION: No permanent free production plan; redacted-data audit; FX: MAD10/USD1, EUR1/USD1.10 not spot rates; taxes/usage/implementation extra; CAC and LTV USD; early concierge GM may be30–60%; no claim of measured LTV"
SAAS-008,USA / International,Trial strategy,No ongoing free plan / sandbox only,N/A,Physiotherapy/dental groups; 3–15 practitioners; 500+ appointments/month,USD249 professional baseline; mixed ARPU UNKNOWN,65–82,USD350–1500,1.5–3.5,USD3884–4900 (24-month capped GP proxy),2.6–14.0,1.7–9.3,41,201,402,LOW — all economics modeled,"ASSUMPTION: 14-day sandbox;30-day paid concierge pilot at Pro; no fake free delivery; FX: MAD10/USD1, EUR1/USD1.10 not spot rates; taxes/usage/implementation extra; CAC and LTV USD; early concierge GM may be30–60%; no claim of measured LTV"
SAAS-008,USA / International,Starter,USD150,USD1620,Physiotherapy/dental groups; 3–15 practitioners; 500+ appointments/month,USD249 professional baseline; mixed ARPU UNKNOWN,65–82,USD350–1500,1.5–3.5,USD3884–4900 (24-month capped GP proxy),2.6–14.0,1.7–9.3,41,201,402,LOW — all economics modeled,"ASSUMPTION: Proposed subscription; annual 10% discount; custom tiers are floors, not quotes; FX: MAD10/USD1, EUR1/USD1.10 not spot rates; taxes/usage/implementation extra; CAC and LTV USD; early concierge GM may be30–60%; no claim of measured LTV"
SAAS-008,USA / International,Professional,USD249,USD2689,Physiotherapy/dental groups; 3–15 practitioners; 500+ appointments/month,USD249 professional baseline; mixed ARPU UNKNOWN,65–82,USD350–1500,1.5–3.5,USD3884–4900 (24-month capped GP proxy),2.6–14.0,1.7–9.3,41,201,402,LOW — all economics modeled,"ASSUMPTION: Proposed subscription; annual 10% discount; custom tiers are floors, not quotes; FX: MAD10/USD1, EUR1/USD1.10 not spot rates; taxes/usage/implementation extra; CAC and LTV USD; early concierge GM may be30–60%; no claim of measured LTV"
SAAS-008,USA / International,Business,USD500,USD5400,Physiotherapy/dental groups; 3–15 practitioners; 500+ appointments/month,USD249 professional baseline; mixed ARPU UNKNOWN,65–82,USD350–1500,1.5–3.5,USD3884–4900 (24-month capped GP proxy),2.6–14.0,1.7–9.3,41,201,402,LOW — all economics modeled,"ASSUMPTION: Proposed subscription; annual 10% discount; custom tiers are floors, not quotes; FX: MAD10/USD1, EUR1/USD1.10 not spot rates; taxes/usage/implementation extra; CAC and LTV USD; early concierge GM may be30–60%; no claim of measured LTV"
SAAS-008,USA / International,Enterprise,USD1000,USD10800,Physiotherapy/dental groups; 3–15 practitioners; 500+ appointments/month,USD249 professional baseline; mixed ARPU UNKNOWN,65–82,USD350–1500,1.5–3.5,USD3884–4900 (24-month capped GP proxy),2.6–14.0,1.7–9.3,41,201,402,LOW — all economics modeled,"ASSUMPTION: Proposed subscription; annual 10% discount; custom tiers are floors, not quotes; FX: MAD10/USD1, EUR1/USD1.10 not spot rates; taxes/usage/implementation extra; CAC and LTV USD; early concierge GM may be30–60%; no claim of measured LTV"
SAAS-008,USA / International,High-ticket / custom,USD1490,USD16092,Physiotherapy/dental groups; 3–15 practitioners; 500+ appointments/month,USD249 professional baseline; mixed ARPU UNKNOWN,65–82,USD350–1500,1.5–3.5,USD3884–4900 (24-month capped GP proxy),2.6–14.0,1.7–9.3,41,201,402,LOW — all economics modeled,"ASSUMPTION: Proposed subscription; annual 10% discount; custom tiers are floors, not quotes; FX: MAD10/USD1, EUR1/USD1.10 not spot rates; taxes/usage/implementation extra; CAC and LTV USD; early concierge GM may be30–60%; no claim of measured LTV"
SAAS-010,Morocco,Free strategy,No ongoing free plan / sandbox only,N/A,Food processors; 30–150 staff; 1–3 sites,MAD4500 professional baseline; mixed ARPU UNKNOWN,70–85,USD250–900,0.7–2.0,USD7560–9180 (24-month capped GP proxy),8.4–36.7,0.7–2.9,23,112,223,LOW — all economics modeled,"ASSUMPTION: No permanent free production plan; redacted-data audit; FX: MAD10/USD1, EUR1/USD1.10 not spot rates; taxes/usage/implementation extra; CAC and LTV USD; early concierge GM may be30–60%; no claim of measured LTV"
SAAS-010,Morocco,Trial strategy,No ongoing free plan / sandbox only,N/A,Food processors; 30–150 staff; 1–3 sites,MAD4500 professional baseline; mixed ARPU UNKNOWN,70–85,USD250–900,0.7–2.0,USD7560–9180 (24-month capped GP proxy),8.4–36.7,0.7–2.9,23,112,223,LOW — all economics modeled,"ASSUMPTION: 14-day sandbox;30-day paid concierge pilot at Pro; no fake free delivery; FX: MAD10/USD1, EUR1/USD1.10 not spot rates; taxes/usage/implementation extra; CAC and LTV USD; early concierge GM may be30–60%; no claim of measured LTV"
SAAS-010,Morocco,Starter,MAD2700,MAD29160,Food processors; 30–150 staff; 1–3 sites,MAD4500 professional baseline; mixed ARPU UNKNOWN,70–85,USD250–900,0.7–2.0,USD7560–9180 (24-month capped GP proxy),8.4–36.7,0.7–2.9,23,112,223,LOW — all economics modeled,"ASSUMPTION: Proposed subscription; annual 10% discount; custom tiers are floors, not quotes; FX: MAD10/USD1, EUR1/USD1.10 not spot rates; taxes/usage/implementation extra; CAC and LTV USD; early concierge GM may be30–60%; no claim of measured LTV"
SAAS-010,Morocco,Professional,MAD4500,MAD48600,Food processors; 30–150 staff; 1–3 sites,MAD4500 professional baseline; mixed ARPU UNKNOWN,70–85,USD250–900,0.7–2.0,USD7560–9180 (24-month capped GP proxy),8.4–36.7,0.7–2.9,23,112,223,LOW — all economics modeled,"ASSUMPTION: Proposed subscription; annual 10% discount; custom tiers are floors, not quotes; FX: MAD10/USD1, EUR1/USD1.10 not spot rates; taxes/usage/implementation extra; CAC and LTV USD; early concierge GM may be30–60%; no claim of measured LTV"
SAAS-010,Morocco,Business,MAD9000,MAD97200,Food processors; 30–150 staff; 1–3 sites,MAD4500 professional baseline; mixed ARPU UNKNOWN,70–85,USD250–900,0.7–2.0,USD7560–9180 (24-month capped GP proxy),8.4–36.7,0.7–2.9,23,112,223,LOW — all economics modeled,"ASSUMPTION: Proposed subscription; annual 10% discount; custom tiers are floors, not quotes; FX: MAD10/USD1, EUR1/USD1.10 not spot rates; taxes/usage/implementation extra; CAC and LTV USD; early concierge GM may be30–60%; no claim of measured LTV"
SAAS-010,Morocco,Enterprise,MAD18000,MAD194400,Food processors; 30–150 staff; 1–3 sites,MAD4500 professional baseline; mixed ARPU UNKNOWN,70–85,USD250–900,0.7–2.0,USD7560–9180 (24-month capped GP proxy),8.4–36.7,0.7–2.9,23,112,223,LOW — all economics modeled,"ASSUMPTION: Proposed subscription; annual 10% discount; custom tiers are floors, not quotes; FX: MAD10/USD1, EUR1/USD1.10 not spot rates; taxes/usage/implementation extra; CAC and LTV USD; early concierge GM may be30–60%; no claim of measured LTV"
SAAS-010,Morocco,High-ticket / custom,MAD27000,MAD291600,Food processors; 30–150 staff; 1–3 sites,MAD4500 professional baseline; mixed ARPU UNKNOWN,70–85,USD250–900,0.7–2.0,USD7560–9180 (24-month capped GP proxy),8.4–36.7,0.7–2.9,23,112,223,LOW — all economics modeled,"ASSUMPTION: Proposed subscription; annual 10% discount; custom tiers are floors, not quotes; FX: MAD10/USD1, EUR1/USD1.10 not spot rates; taxes/usage/implementation extra; CAC and LTV USD; early concierge GM may be30–60%; no claim of measured LTV"
SAAS-010,Europe,Free strategy,No ongoing free plan / sandbox only,N/A,Food processors; 30–150 staff; 1–3 sites,EUR599 professional baseline; mixed ARPU UNKNOWN,70–85,USD1200–4000,0.7–2.0,USD11070–13442 (24-month capped GP proxy),2.8–11.2,2.1–8.7,16,76,152,LOW — all economics modeled,"ASSUMPTION: No permanent free production plan; redacted-data audit; FX: MAD10/USD1, EUR1/USD1.10 not spot rates; taxes/usage/implementation extra; CAC and LTV USD; early concierge GM may be30–60%; no claim of measured LTV"
SAAS-010,Europe,Trial strategy,No ongoing free plan / sandbox only,N/A,Food processors; 30–150 staff; 1–3 sites,EUR599 professional baseline; mixed ARPU UNKNOWN,70–85,USD1200–4000,0.7–2.0,USD11070–13442 (24-month capped GP proxy),2.8–11.2,2.1–8.7,16,76,152,LOW — all economics modeled,"ASSUMPTION: 14-day sandbox;30-day paid concierge pilot at Pro; no fake free delivery; FX: MAD10/USD1, EUR1/USD1.10 not spot rates; taxes/usage/implementation extra; CAC and LTV USD; early concierge GM may be30–60%; no claim of measured LTV"
SAAS-010,Europe,Starter,EUR360,EUR3888,Food processors; 30–150 staff; 1–3 sites,EUR599 professional baseline; mixed ARPU UNKNOWN,70–85,USD1200–4000,0.7–2.0,USD11070–13442 (24-month capped GP proxy),2.8–11.2,2.1–8.7,16,76,152,LOW — all economics modeled,"ASSUMPTION: Proposed subscription; annual 10% discount; custom tiers are floors, not quotes; FX: MAD10/USD1, EUR1/USD1.10 not spot rates; taxes/usage/implementation extra; CAC and LTV USD; early concierge GM may be30–60%; no claim of measured LTV"
SAAS-010,Europe,Professional,EUR599,EUR6469,Food processors; 30–150 staff; 1–3 sites,EUR599 professional baseline; mixed ARPU UNKNOWN,70–85,USD1200–4000,0.7–2.0,USD11070–13442 (24-month capped GP proxy),2.8–11.2,2.1–8.7,16,76,152,LOW — all economics modeled,"ASSUMPTION: Proposed subscription; annual 10% discount; custom tiers are floors, not quotes; FX: MAD10/USD1, EUR1/USD1.10 not spot rates; taxes/usage/implementation extra; CAC and LTV USD; early concierge GM may be30–60%; no claim of measured LTV"
SAAS-010,Europe,Business,EUR1200,EUR12960,Food processors; 30–150 staff; 1–3 sites,EUR599 professional baseline; mixed ARPU UNKNOWN,70–85,USD1200–4000,0.7–2.0,USD11070–13442 (24-month capped GP proxy),2.8–11.2,2.1–8.7,16,76,152,LOW — all economics modeled,"ASSUMPTION: Proposed subscription; annual 10% discount; custom tiers are floors, not quotes; FX: MAD10/USD1, EUR1/USD1.10 not spot rates; taxes/usage/implementation extra; CAC and LTV USD; early concierge GM may be30–60%; no claim of measured LTV"
SAAS-010,Europe,Enterprise,EUR2400,EUR25920,Food processors; 30–150 staff; 1–3 sites,EUR599 professional baseline; mixed ARPU UNKNOWN,70–85,USD1200–4000,0.7–2.0,USD11070–13442 (24-month capped GP proxy),2.8–11.2,2.1–8.7,16,76,152,LOW — all economics modeled,"ASSUMPTION: Proposed subscription; annual 10% discount; custom tiers are floors, not quotes; FX: MAD10/USD1, EUR1/USD1.10 not spot rates; taxes/usage/implementation extra; CAC and LTV USD; early concierge GM may be30–60%; no claim of measured LTV"
SAAS-010,Europe,High-ticket / custom,EUR3590,EUR38772,Food processors; 30–150 staff; 1–3 sites,EUR599 professional baseline; mixed ARPU UNKNOWN,70–85,USD1200–4000,0.7–2.0,USD11070–13442 (24-month capped GP proxy),2.8–11.2,2.1–8.7,16,76,152,LOW — all economics modeled,"ASSUMPTION: Proposed subscription; annual 10% discount; custom tiers are floors, not quotes; FX: MAD10/USD1, EUR1/USD1.10 not spot rates; taxes/usage/implementation extra; CAC and LTV USD; early concierge GM may be30–60%; no claim of measured LTV"
SAAS-010,USA / International,Free strategy,No ongoing free plan / sandbox only,N/A,Food processors; 30–150 staff; 1–3 sites,USD699 professional baseline; mixed ARPU UNKNOWN,70–85,USD1200–4000,0.7–2.0,USD11743–14260 (24-month capped GP proxy),2.9–11.9,2.0–8.2,15,72,144,LOW — all economics modeled,"ASSUMPTION: No permanent free production plan; redacted-data audit; FX: MAD10/USD1, EUR1/USD1.10 not spot rates; taxes/usage/implementation extra; CAC and LTV USD; early concierge GM may be30–60%; no claim of measured LTV"
SAAS-010,USA / International,Trial strategy,No ongoing free plan / sandbox only,N/A,Food processors; 30–150 staff; 1–3 sites,USD699 professional baseline; mixed ARPU UNKNOWN,70–85,USD1200–4000,0.7–2.0,USD11743–14260 (24-month capped GP proxy),2.9–11.9,2.0–8.2,15,72,144,LOW — all economics modeled,"ASSUMPTION: 14-day sandbox;30-day paid concierge pilot at Pro; no fake free delivery; FX: MAD10/USD1, EUR1/USD1.10 not spot rates; taxes/usage/implementation extra; CAC and LTV USD; early concierge GM may be30–60%; no claim of measured LTV"
SAAS-010,USA / International,Starter,USD420,USD4536,Food processors; 30–150 staff; 1–3 sites,USD699 professional baseline; mixed ARPU UNKNOWN,70–85,USD1200–4000,0.7–2.0,USD11743–14260 (24-month capped GP proxy),2.9–11.9,2.0–8.2,15,72,144,LOW — all economics modeled,"ASSUMPTION: Proposed subscription; annual 10% discount; custom tiers are floors, not quotes; FX: MAD10/USD1, EUR1/USD1.10 not spot rates; taxes/usage/implementation extra; CAC and LTV USD; early concierge GM may be30–60%; no claim of measured LTV"
SAAS-010,USA / International,Professional,USD699,USD7549,Food processors; 30–150 staff; 1–3 sites,USD699 professional baseline; mixed ARPU UNKNOWN,70–85,USD1200–4000,0.7–2.0,USD11743–14260 (24-month capped GP proxy),2.9–11.9,2.0–8.2,15,72,144,LOW — all economics modeled,"ASSUMPTION: Proposed subscription; annual 10% discount; custom tiers are floors, not quotes; FX: MAD10/USD1, EUR1/USD1.10 not spot rates; taxes/usage/implementation extra; CAC and LTV USD; early concierge GM may be30–60%; no claim of measured LTV"
SAAS-010,USA / International,Business,USD1400,USD15120,Food processors; 30–150 staff; 1–3 sites,USD699 professional baseline; mixed ARPU UNKNOWN,70–85,USD1200–4000,0.7–2.0,USD11743–14260 (24-month capped GP proxy),2.9–11.9,2.0–8.2,15,72,144,LOW — all economics modeled,"ASSUMPTION: Proposed subscription; annual 10% discount; custom tiers are floors, not quotes; FX: MAD10/USD1, EUR1/USD1.10 not spot rates; taxes/usage/implementation extra; CAC and LTV USD; early concierge GM may be30–60%; no claim of measured LTV"
SAAS-010,USA / International,Enterprise,USD2800,USD30240,Food processors; 30–150 staff; 1–3 sites,USD699 professional baseline; mixed ARPU UNKNOWN,70–85,USD1200–4000,0.7–2.0,USD11743–14260 (24-month capped GP proxy),2.9–11.9,2.0–8.2,15,72,144,LOW — all economics modeled,"ASSUMPTION: Proposed subscription; annual 10% discount; custom tiers are floors, not quotes; FX: MAD10/USD1, EUR1/USD1.10 not spot rates; taxes/usage/implementation extra; CAC and LTV USD; early concierge GM may be30–60%; no claim of measured LTV"
SAAS-010,USA / International,High-ticket / custom,USD4190,USD45252,Food processors; 30–150 staff; 1–3 sites,USD699 professional baseline; mixed ARPU UNKNOWN,70–85,USD1200–4000,0.7–2.0,USD11743–14260 (24-month capped GP proxy),2.9–11.9,2.0–8.2,15,72,144,LOW — all economics modeled,"ASSUMPTION: Proposed subscription; annual 10% discount; custom tiers are floors, not quotes; FX: MAD10/USD1, EUR1/USD1.10 not spot rates; taxes/usage/implementation extra; CAC and LTV USD; early concierge GM may be30–60%; no claim of measured LTV"
SAAS-015,Morocco,Free strategy,No ongoing free plan / sandbox only,N/A,Staffing agencies; 10–50 office staff; 100+ active placements,MAD3500 professional baseline; mixed ARPU UNKNOWN,72–86,USD250–900,1.0–2.5,USD6048–7224 (24-month capped GP proxy),6.7–28.9,0.8–3.6,29,143,286,LOW — all economics modeled,"ASSUMPTION: No permanent free production plan; redacted-data audit; FX: MAD10/USD1, EUR1/USD1.10 not spot rates; taxes/usage/implementation extra; CAC and LTV USD; early concierge GM may be30–60%; no claim of measured LTV"
SAAS-015,Morocco,Trial strategy,No ongoing free plan / sandbox only,N/A,Staffing agencies; 10–50 office staff; 100+ active placements,MAD3500 professional baseline; mixed ARPU UNKNOWN,72–86,USD250–900,1.0–2.5,USD6048–7224 (24-month capped GP proxy),6.7–28.9,0.8–3.6,29,143,286,LOW — all economics modeled,"ASSUMPTION: 14-day sandbox;30-day paid concierge pilot at Pro; no fake free delivery; FX: MAD10/USD1, EUR1/USD1.10 not spot rates; taxes/usage/implementation extra; CAC and LTV USD; early concierge GM may be30–60%; no claim of measured LTV"
SAAS-015,Morocco,Starter,MAD2100,MAD22680,Staffing agencies; 10–50 office staff; 100+ active placements,MAD3500 professional baseline; mixed ARPU UNKNOWN,72–86,USD250–900,1.0–2.5,USD6048–7224 (24-month capped GP proxy),6.7–28.9,0.8–3.6,29,143,286,LOW — all economics modeled,"ASSUMPTION: Proposed subscription; annual 10% discount; custom tiers are floors, not quotes; FX: MAD10/USD1, EUR1/USD1.10 not spot rates; taxes/usage/implementation extra; CAC and LTV USD; early concierge GM may be30–60%; no claim of measured LTV"
SAAS-015,Morocco,Professional,MAD3500,MAD37800,Staffing agencies; 10–50 office staff; 100+ active placements,MAD3500 professional baseline; mixed ARPU UNKNOWN,72–86,USD250–900,1.0–2.5,USD6048–7224 (24-month capped GP proxy),6.7–28.9,0.8–3.6,29,143,286,LOW — all economics modeled,"ASSUMPTION: Proposed subscription; annual 10% discount; custom tiers are floors, not quotes; FX: MAD10/USD1, EUR1/USD1.10 not spot rates; taxes/usage/implementation extra; CAC and LTV USD; early concierge GM may be30–60%; no claim of measured LTV"
SAAS-015,Morocco,Business,MAD7000,MAD75600,Staffing agencies; 10–50 office staff; 100+ active placements,MAD3500 professional baseline; mixed ARPU UNKNOWN,72–86,USD250–900,1.0–2.5,USD6048–7224 (24-month capped GP proxy),6.7–28.9,0.8–3.6,29,143,286,LOW — all economics modeled,"ASSUMPTION: Proposed subscription; annual 10% discount; custom tiers are floors, not quotes; FX: MAD10/USD1, EUR1/USD1.10 not spot rates; taxes/usage/implementation extra; CAC and LTV USD; early concierge GM may be30–60%; no claim of measured LTV"
SAAS-015,Morocco,Enterprise,MAD14000,MAD151200,Staffing agencies; 10–50 office staff; 100+ active placements,MAD3500 professional baseline; mixed ARPU UNKNOWN,72–86,USD250–900,1.0–2.5,USD6048–7224 (24-month capped GP proxy),6.7–28.9,0.8–3.6,29,143,286,LOW — all economics modeled,"ASSUMPTION: Proposed subscription; annual 10% discount; custom tiers are floors, not quotes; FX: MAD10/USD1, EUR1/USD1.10 not spot rates; taxes/usage/implementation extra; CAC and LTV USD; early concierge GM may be30–60%; no claim of measured LTV"
SAAS-015,Morocco,High-ticket / custom,MAD21000,MAD226800,Staffing agencies; 10–50 office staff; 100+ active placements,MAD3500 professional baseline; mixed ARPU UNKNOWN,72–86,USD250–900,1.0–2.5,USD6048–7224 (24-month capped GP proxy),6.7–28.9,0.8–3.6,29,143,286,LOW — all economics modeled,"ASSUMPTION: Proposed subscription; annual 10% discount; custom tiers are floors, not quotes; FX: MAD10/USD1, EUR1/USD1.10 not spot rates; taxes/usage/implementation extra; CAC and LTV USD; early concierge GM may be30–60%; no claim of measured LTV"
SAAS-015,Europe,Free strategy,No ongoing free plan / sandbox only,N/A,Staffing agencies; 10–50 office staff; 100+ active placements,EUR499 professional baseline; mixed ARPU UNKNOWN,72–86,USD900–3500,1.0–2.5,USD9485–11329 (24-month capped GP proxy),2.7–12.6,1.9–8.9,19,92,183,LOW — all economics modeled,"ASSUMPTION: No permanent free production plan; redacted-data audit; FX: MAD10/USD1, EUR1/USD1.10 not spot rates; taxes/usage/implementation extra; CAC and LTV USD; early concierge GM may be30–60%; no claim of measured LTV"
SAAS-015,Europe,Trial strategy,No ongoing free plan / sandbox only,N/A,Staffing agencies; 10–50 office staff; 100+ active placements,EUR499 professional baseline; mixed ARPU UNKNOWN,72–86,USD900–3500,1.0–2.5,USD9485–11329 (24-month capped GP proxy),2.7–12.6,1.9–8.9,19,92,183,LOW — all economics modeled,"ASSUMPTION: 14-day sandbox;30-day paid concierge pilot at Pro; no fake free delivery; FX: MAD10/USD1, EUR1/USD1.10 not spot rates; taxes/usage/implementation extra; CAC and LTV USD; early concierge GM may be30–60%; no claim of measured LTV"
SAAS-015,Europe,Starter,EUR300,EUR3240,Staffing agencies; 10–50 office staff; 100+ active placements,EUR499 professional baseline; mixed ARPU UNKNOWN,72–86,USD900–3500,1.0–2.5,USD9485–11329 (24-month capped GP proxy),2.7–12.6,1.9–8.9,19,92,183,LOW — all economics modeled,"ASSUMPTION: Proposed subscription; annual 10% discount; custom tiers are floors, not quotes; FX: MAD10/USD1, EUR1/USD1.10 not spot rates; taxes/usage/implementation extra; CAC and LTV USD; early concierge GM may be30–60%; no claim of measured LTV"
SAAS-015,Europe,Professional,EUR499,EUR5389,Staffing agencies; 10–50 office staff; 100+ active placements,EUR499 professional baseline; mixed ARPU UNKNOWN,72–86,USD900–3500,1.0–2.5,USD9485–11329 (24-month capped GP proxy),2.7–12.6,1.9–8.9,19,92,183,LOW — all economics modeled,"ASSUMPTION: Proposed subscription; annual 10% discount; custom tiers are floors, not quotes; FX: MAD10/USD1, EUR1/USD1.10 not spot rates; taxes/usage/implementation extra; CAC and LTV USD; early concierge GM may be30–60%; no claim of measured LTV"
SAAS-015,Europe,Business,EUR1000,EUR10800,Staffing agencies; 10–50 office staff; 100+ active placements,EUR499 professional baseline; mixed ARPU UNKNOWN,72–86,USD900–3500,1.0–2.5,USD9485–11329 (24-month capped GP proxy),2.7–12.6,1.9–8.9,19,92,183,LOW — all economics modeled,"ASSUMPTION: Proposed subscription; annual 10% discount; custom tiers are floors, not quotes; FX: MAD10/USD1, EUR1/USD1.10 not spot rates; taxes/usage/implementation extra; CAC and LTV USD; early concierge GM may be30–60%; no claim of measured LTV"
SAAS-015,Europe,Enterprise,EUR2000,EUR21600,Staffing agencies; 10–50 office staff; 100+ active placements,EUR499 professional baseline; mixed ARPU UNKNOWN,72–86,USD900–3500,1.0–2.5,USD9485–11329 (24-month capped GP proxy),2.7–12.6,1.9–8.9,19,92,183,LOW — all economics modeled,"ASSUMPTION: Proposed subscription; annual 10% discount; custom tiers are floors, not quotes; FX: MAD10/USD1, EUR1/USD1.10 not spot rates; taxes/usage/implementation extra; CAC and LTV USD; early concierge GM may be30–60%; no claim of measured LTV"
SAAS-015,Europe,High-ticket / custom,EUR2990,EUR32292,Staffing agencies; 10–50 office staff; 100+ active placements,EUR499 professional baseline; mixed ARPU UNKNOWN,72–86,USD900–3500,1.0–2.5,USD9485–11329 (24-month capped GP proxy),2.7–12.6,1.9–8.9,19,92,183,LOW — all economics modeled,"ASSUMPTION: Proposed subscription; annual 10% discount; custom tiers are floors, not quotes; FX: MAD10/USD1, EUR1/USD1.10 not spot rates; taxes/usage/implementation extra; CAC and LTV USD; early concierge GM may be30–60%; no claim of measured LTV"
SAAS-015,USA / International,Free strategy,No ongoing free plan / sandbox only,N/A,Staffing agencies; 10–50 office staff; 100+ active placements,USD599 professional baseline; mixed ARPU UNKNOWN,72–86,USD900–3500,1.0–2.5,USD10351–12363 (24-month capped GP proxy),3.0–13.7,1.7–8.1,17,84,167,LOW — all economics modeled,"ASSUMPTION: No permanent free production plan; redacted-data audit; FX: MAD10/USD1, EUR1/USD1.10 not spot rates; taxes/usage/implementation extra; CAC and LTV USD; early concierge GM may be30–60%; no claim of measured LTV"
SAAS-015,USA / International,Trial strategy,No ongoing free plan / sandbox only,N/A,Staffing agencies; 10–50 office staff; 100+ active placements,USD599 professional baseline; mixed ARPU UNKNOWN,72–86,USD900–3500,1.0–2.5,USD10351–12363 (24-month capped GP proxy),3.0–13.7,1.7–8.1,17,84,167,LOW — all economics modeled,"ASSUMPTION: 14-day sandbox;30-day paid concierge pilot at Pro; no fake free delivery; FX: MAD10/USD1, EUR1/USD1.10 not spot rates; taxes/usage/implementation extra; CAC and LTV USD; early concierge GM may be30–60%; no claim of measured LTV"
SAAS-015,USA / International,Starter,USD360,USD3888,Staffing agencies; 10–50 office staff; 100+ active placements,USD599 professional baseline; mixed ARPU UNKNOWN,72–86,USD900–3500,1.0–2.5,USD10351–12363 (24-month capped GP proxy),3.0–13.7,1.7–8.1,17,84,167,LOW — all economics modeled,"ASSUMPTION: Proposed subscription; annual 10% discount; custom tiers are floors, not quotes; FX: MAD10/USD1, EUR1/USD1.10 not spot rates; taxes/usage/implementation extra; CAC and LTV USD; early concierge GM may be30–60%; no claim of measured LTV"
SAAS-015,USA / International,Professional,USD599,USD6469,Staffing agencies; 10–50 office staff; 100+ active placements,USD599 professional baseline; mixed ARPU UNKNOWN,72–86,USD900–3500,1.0–2.5,USD10351–12363 (24-month capped GP proxy),3.0–13.7,1.7–8.1,17,84,167,LOW — all economics modeled,"ASSUMPTION: Proposed subscription; annual 10% discount; custom tiers are floors, not quotes; FX: MAD10/USD1, EUR1/USD1.10 not spot rates; taxes/usage/implementation extra; CAC and LTV USD; early concierge GM may be30–60%; no claim of measured LTV"
SAAS-015,USA / International,Business,USD1200,USD12960,Staffing agencies; 10–50 office staff; 100+ active placements,USD599 professional baseline; mixed ARPU UNKNOWN,72–86,USD900–3500,1.0–2.5,USD10351–12363 (24-month capped GP proxy),3.0–13.7,1.7–8.1,17,84,167,LOW — all economics modeled,"ASSUMPTION: Proposed subscription; annual 10% discount; custom tiers are floors, not quotes; FX: MAD10/USD1, EUR1/USD1.10 not spot rates; taxes/usage/implementation extra; CAC and LTV USD; early concierge GM may be30–60%; no claim of measured LTV"
SAAS-015,USA / International,Enterprise,USD2400,USD25920,Staffing agencies; 10–50 office staff; 100+ active placements,USD599 professional baseline; mixed ARPU UNKNOWN,72–86,USD900–3500,1.0–2.5,USD10351–12363 (24-month capped GP proxy),3.0–13.7,1.7–8.1,17,84,167,LOW — all economics modeled,"ASSUMPTION: Proposed subscription; annual 10% discount; custom tiers are floors, not quotes; FX: MAD10/USD1, EUR1/USD1.10 not spot rates; taxes/usage/implementation extra; CAC and LTV USD; early concierge GM may be30–60%; no claim of measured LTV"
SAAS-015,USA / International,High-ticket / custom,USD3590,USD38772,Staffing agencies; 10–50 office staff; 100+ active placements,USD599 professional baseline; mixed ARPU UNKNOWN,72–86,USD900–3500,1.0–2.5,USD10351–12363 (24-month capped GP proxy),3.0–13.7,1.7–8.1,17,84,167,LOW — all economics modeled,"ASSUMPTION: Proposed subscription; annual 10% discount; custom tiers are floors, not quotes; FX: MAD10/USD1, EUR1/USD1.10 not spot rates; taxes/usage/implementation extra; CAC and LTV USD; early concierge GM may be30–60%; no claim of measured LTV"
SAAS-014,Morocco,Free strategy,No ongoing free plan / sandbox only,N/A,Distributors/service groups; 30–200 staff; 3+ sites,MAD4500 professional baseline; mixed ARPU UNKNOWN,70–85,USD250–900,1.0–2.5,USD7560–9180 (24-month capped GP proxy),8.4–36.7,0.7–2.9,23,112,223,LOW — all economics modeled,"ASSUMPTION: No permanent free production plan; redacted-data audit; FX: MAD10/USD1, EUR1/USD1.10 not spot rates; taxes/usage/implementation extra; CAC and LTV USD; early concierge GM may be30–60%; no claim of measured LTV"
SAAS-014,Morocco,Trial strategy,No ongoing free plan / sandbox only,N/A,Distributors/service groups; 30–200 staff; 3+ sites,MAD4500 professional baseline; mixed ARPU UNKNOWN,70–85,USD250–900,1.0–2.5,USD7560–9180 (24-month capped GP proxy),8.4–36.7,0.7–2.9,23,112,223,LOW — all economics modeled,"ASSUMPTION: 14-day sandbox;30-day paid concierge pilot at Pro; no fake free delivery; FX: MAD10/USD1, EUR1/USD1.10 not spot rates; taxes/usage/implementation extra; CAC and LTV USD; early concierge GM may be30–60%; no claim of measured LTV"
SAAS-014,Morocco,Starter,MAD2700,MAD29160,Distributors/service groups; 30–200 staff; 3+ sites,MAD4500 professional baseline; mixed ARPU UNKNOWN,70–85,USD250–900,1.0–2.5,USD7560–9180 (24-month capped GP proxy),8.4–36.7,0.7–2.9,23,112,223,LOW — all economics modeled,"ASSUMPTION: Proposed subscription; annual 10% discount; custom tiers are floors, not quotes; FX: MAD10/USD1, EUR1/USD1.10 not spot rates; taxes/usage/implementation extra; CAC and LTV USD; early concierge GM may be30–60%; no claim of measured LTV"
SAAS-014,Morocco,Professional,MAD4500,MAD48600,Distributors/service groups; 30–200 staff; 3+ sites,MAD4500 professional baseline; mixed ARPU UNKNOWN,70–85,USD250–900,1.0–2.5,USD7560–9180 (24-month capped GP proxy),8.4–36.7,0.7–2.9,23,112,223,LOW — all economics modeled,"ASSUMPTION: Proposed subscription; annual 10% discount; custom tiers are floors, not quotes; FX: MAD10/USD1, EUR1/USD1.10 not spot rates; taxes/usage/implementation extra; CAC and LTV USD; early concierge GM may be30–60%; no claim of measured LTV"
SAAS-014,Morocco,Business,MAD9000,MAD97200,Distributors/service groups; 30–200 staff; 3+ sites,MAD4500 professional baseline; mixed ARPU UNKNOWN,70–85,USD250–900,1.0–2.5,USD7560–9180 (24-month capped GP proxy),8.4–36.7,0.7–2.9,23,112,223,LOW — all economics modeled,"ASSUMPTION: Proposed subscription; annual 10% discount; custom tiers are floors, not quotes; FX: MAD10/USD1, EUR1/USD1.10 not spot rates; taxes/usage/implementation extra; CAC and LTV USD; early concierge GM may be30–60%; no claim of measured LTV"
SAAS-014,Morocco,Enterprise,MAD18000,MAD194400,Distributors/service groups; 30–200 staff; 3+ sites,MAD4500 professional baseline; mixed ARPU UNKNOWN,70–85,USD250–900,1.0–2.5,USD7560–9180 (24-month capped GP proxy),8.4–36.7,0.7–2.9,23,112,223,LOW — all economics modeled,"ASSUMPTION: Proposed subscription; annual 10% discount; custom tiers are floors, not quotes; FX: MAD10/USD1, EUR1/USD1.10 not spot rates; taxes/usage/implementation extra; CAC and LTV USD; early concierge GM may be30–60%; no claim of measured LTV"
SAAS-014,Morocco,High-ticket / custom,MAD27000,MAD291600,Distributors/service groups; 30–200 staff; 3+ sites,MAD4500 professional baseline; mixed ARPU UNKNOWN,70–85,USD250–900,1.0–2.5,USD7560–9180 (24-month capped GP proxy),8.4–36.7,0.7–2.9,23,112,223,LOW — all economics modeled,"ASSUMPTION: Proposed subscription; annual 10% discount; custom tiers are floors, not quotes; FX: MAD10/USD1, EUR1/USD1.10 not spot rates; taxes/usage/implementation extra; CAC and LTV USD; early concierge GM may be30–60%; no claim of measured LTV"
SAAS-014,Europe,Free strategy,No ongoing free plan / sandbox only,N/A,Distributors/service groups; 30–200 staff; 3+ sites,EUR599 professional baseline; mixed ARPU UNKNOWN,70–85,USD1000–4000,1.0–2.5,USD11070–13442 (24-month capped GP proxy),2.8–13.4,1.8–8.7,16,76,152,LOW — all economics modeled,"ASSUMPTION: No permanent free production plan; redacted-data audit; FX: MAD10/USD1, EUR1/USD1.10 not spot rates; taxes/usage/implementation extra; CAC and LTV USD; early concierge GM may be30–60%; no claim of measured LTV"
SAAS-014,Europe,Trial strategy,No ongoing free plan / sandbox only,N/A,Distributors/service groups; 30–200 staff; 3+ sites,EUR599 professional baseline; mixed ARPU UNKNOWN,70–85,USD1000–4000,1.0–2.5,USD11070–13442 (24-month capped GP proxy),2.8–13.4,1.8–8.7,16,76,152,LOW — all economics modeled,"ASSUMPTION: 14-day sandbox;30-day paid concierge pilot at Pro; no fake free delivery; FX: MAD10/USD1, EUR1/USD1.10 not spot rates; taxes/usage/implementation extra; CAC and LTV USD; early concierge GM may be30–60%; no claim of measured LTV"
SAAS-014,Europe,Starter,EUR360,EUR3888,Distributors/service groups; 30–200 staff; 3+ sites,EUR599 professional baseline; mixed ARPU UNKNOWN,70–85,USD1000–4000,1.0–2.5,USD11070–13442 (24-month capped GP proxy),2.8–13.4,1.8–8.7,16,76,152,LOW — all economics modeled,"ASSUMPTION: Proposed subscription; annual 10% discount; custom tiers are floors, not quotes; FX: MAD10/USD1, EUR1/USD1.10 not spot rates; taxes/usage/implementation extra; CAC and LTV USD; early concierge GM may be30–60%; no claim of measured LTV"
SAAS-014,Europe,Professional,EUR599,EUR6469,Distributors/service groups; 30–200 staff; 3+ sites,EUR599 professional baseline; mixed ARPU UNKNOWN,70–85,USD1000–4000,1.0–2.5,USD11070–13442 (24-month capped GP proxy),2.8–13.4,1.8–8.7,16,76,152,LOW — all economics modeled,"ASSUMPTION: Proposed subscription; annual 10% discount; custom tiers are floors, not quotes; FX: MAD10/USD1, EUR1/USD1.10 not spot rates; taxes/usage/implementation extra; CAC and LTV USD; early concierge GM may be30–60%; no claim of measured LTV"
SAAS-014,Europe,Business,EUR1200,EUR12960,Distributors/service groups; 30–200 staff; 3+ sites,EUR599 professional baseline; mixed ARPU UNKNOWN,70–85,USD1000–4000,1.0–2.5,USD11070–13442 (24-month capped GP proxy),2.8–13.4,1.8–8.7,16,76,152,LOW — all economics modeled,"ASSUMPTION: Proposed subscription; annual 10% discount; custom tiers are floors, not quotes; FX: MAD10/USD1, EUR1/USD1.10 not spot rates; taxes/usage/implementation extra; CAC and LTV USD; early concierge GM may be30–60%; no claim of measured LTV"
SAAS-014,Europe,Enterprise,EUR2400,EUR25920,Distributors/service groups; 30–200 staff; 3+ sites,EUR599 professional baseline; mixed ARPU UNKNOWN,70–85,USD1000–4000,1.0–2.5,USD11070–13442 (24-month capped GP proxy),2.8–13.4,1.8–8.7,16,76,152,LOW — all economics modeled,"ASSUMPTION: Proposed subscription; annual 10% discount; custom tiers are floors, not quotes; FX: MAD10/USD1, EUR1/USD1.10 not spot rates; taxes/usage/implementation extra; CAC and LTV USD; early concierge GM may be30–60%; no claim of measured LTV"
SAAS-014,Europe,High-ticket / custom,EUR3590,EUR38772,Distributors/service groups; 30–200 staff; 3+ sites,EUR599 professional baseline; mixed ARPU UNKNOWN,70–85,USD1000–4000,1.0–2.5,USD11070–13442 (24-month capped GP proxy),2.8–13.4,1.8–8.7,16,76,152,LOW — all economics modeled,"ASSUMPTION: Proposed subscription; annual 10% discount; custom tiers are floors, not quotes; FX: MAD10/USD1, EUR1/USD1.10 not spot rates; taxes/usage/implementation extra; CAC and LTV USD; early concierge GM may be30–60%; no claim of measured LTV"
SAAS-014,USA / International,Free strategy,No ongoing free plan / sandbox only,N/A,Distributors/service groups; 30–200 staff; 3+ sites,USD749 professional baseline; mixed ARPU UNKNOWN,70–85,USD1000–4000,1.0–2.5,USD12583–15280 (24-month capped GP proxy),3.1–15.3,1.6–7.6,14,67,134,LOW — all economics modeled,"ASSUMPTION: No permanent free production plan; redacted-data audit; FX: MAD10/USD1, EUR1/USD1.10 not spot rates; taxes/usage/implementation extra; CAC and LTV USD; early concierge GM may be30–60%; no claim of measured LTV"
SAAS-014,USA / International,Trial strategy,No ongoing free plan / sandbox only,N/A,Distributors/service groups; 30–200 staff; 3+ sites,USD749 professional baseline; mixed ARPU UNKNOWN,70–85,USD1000–4000,1.0–2.5,USD12583–15280 (24-month capped GP proxy),3.1–15.3,1.6–7.6,14,67,134,LOW — all economics modeled,"ASSUMPTION: 14-day sandbox;30-day paid concierge pilot at Pro; no fake free delivery; FX: MAD10/USD1, EUR1/USD1.10 not spot rates; taxes/usage/implementation extra; CAC and LTV USD; early concierge GM may be30–60%; no claim of measured LTV"
SAAS-014,USA / International,Starter,USD450,USD4860,Distributors/service groups; 30–200 staff; 3+ sites,USD749 professional baseline; mixed ARPU UNKNOWN,70–85,USD1000–4000,1.0–2.5,USD12583–15280 (24-month capped GP proxy),3.1–15.3,1.6–7.6,14,67,134,LOW — all economics modeled,"ASSUMPTION: Proposed subscription; annual 10% discount; custom tiers are floors, not quotes; FX: MAD10/USD1, EUR1/USD1.10 not spot rates; taxes/usage/implementation extra; CAC and LTV USD; early concierge GM may be30–60%; no claim of measured LTV"
SAAS-014,USA / International,Professional,USD749,USD8089,Distributors/service groups; 30–200 staff; 3+ sites,USD749 professional baseline; mixed ARPU UNKNOWN,70–85,USD1000–4000,1.0–2.5,USD12583–15280 (24-month capped GP proxy),3.1–15.3,1.6–7.6,14,67,134,LOW — all economics modeled,"ASSUMPTION: Proposed subscription; annual 10% discount; custom tiers are floors, not quotes; FX: MAD10/USD1, EUR1/USD1.10 not spot rates; taxes/usage/implementation extra; CAC and LTV USD; early concierge GM may be30–60%; no claim of measured LTV"
SAAS-014,USA / International,Business,USD1500,USD16200,Distributors/service groups; 30–200 staff; 3+ sites,USD749 professional baseline; mixed ARPU UNKNOWN,70–85,USD1000–4000,1.0–2.5,USD12583–15280 (24-month capped GP proxy),3.1–15.3,1.6–7.6,14,67,134,LOW — all economics modeled,"ASSUMPTION: Proposed subscription; annual 10% discount; custom tiers are floors, not quotes; FX: MAD10/USD1, EUR1/USD1.10 not spot rates; taxes/usage/implementation extra; CAC and LTV USD; early concierge GM may be30–60%; no claim of measured LTV"
SAAS-014,USA / International,Enterprise,USD3000,USD32400,Distributors/service groups; 30–200 staff; 3+ sites,USD749 professional baseline; mixed ARPU UNKNOWN,70–85,USD1000–4000,1.0–2.5,USD12583–15280 (24-month capped GP proxy),3.1–15.3,1.6–7.6,14,67,134,LOW — all economics modeled,"ASSUMPTION: Proposed subscription; annual 10% discount; custom tiers are floors, not quotes; FX: MAD10/USD1, EUR1/USD1.10 not spot rates; taxes/usage/implementation extra; CAC and LTV USD; early concierge GM may be30–60%; no claim of measured LTV"
SAAS-014,USA / International,High-ticket / custom,USD4490,USD48492,Distributors/service groups; 30–200 staff; 3+ sites,USD749 professional baseline; mixed ARPU UNKNOWN,70–85,USD1000–4000,1.0–2.5,USD12583–15280 (24-month capped GP proxy),3.1–15.3,1.6–7.6,14,67,134,LOW — all economics modeled,"ASSUMPTION: Proposed subscription; annual 10% discount; custom tiers are floors, not quotes; FX: MAD10/USD1, EUR1/USD1.10 not spot rates; taxes/usage/implementation extra; CAC and LTV USD; early concierge GM may be30–60%; no claim of measured LTV"
SAAS-011,Morocco,Free strategy,No ongoing free plan / sandbox only,N/A,Property managers; 200–1500 units; 5–30 staff,MAD2000 professional baseline; mixed ARPU UNKNOWN,70–85,USD250–900,1.0–3.0,USD3360–4080 (24-month capped GP proxy),3.7–16.3,1.5–6.4,50,250,500,LOW — all economics modeled,"ASSUMPTION: No permanent free production plan; redacted-data audit; FX: MAD10/USD1, EUR1/USD1.10 not spot rates; taxes/usage/implementation extra; CAC and LTV USD; early concierge GM may be30–60%; no claim of measured LTV"
SAAS-011,Morocco,Trial strategy,No ongoing free plan / sandbox only,N/A,Property managers; 200–1500 units; 5–30 staff,MAD2000 professional baseline; mixed ARPU UNKNOWN,70–85,USD250–900,1.0–3.0,USD3360–4080 (24-month capped GP proxy),3.7–16.3,1.5–6.4,50,250,500,LOW — all economics modeled,"ASSUMPTION: 14-day sandbox;30-day paid concierge pilot at Pro; no fake free delivery; FX: MAD10/USD1, EUR1/USD1.10 not spot rates; taxes/usage/implementation extra; CAC and LTV USD; early concierge GM may be30–60%; no claim of measured LTV"
SAAS-011,Morocco,Starter,MAD1200,MAD12960,Property managers; 200–1500 units; 5–30 staff,MAD2000 professional baseline; mixed ARPU UNKNOWN,70–85,USD250–900,1.0–3.0,USD3360–4080 (24-month capped GP proxy),3.7–16.3,1.5–6.4,50,250,500,LOW — all economics modeled,"ASSUMPTION: Proposed subscription; annual 10% discount; custom tiers are floors, not quotes; FX: MAD10/USD1, EUR1/USD1.10 not spot rates; taxes/usage/implementation extra; CAC and LTV USD; early concierge GM may be30–60%; no claim of measured LTV"
SAAS-011,Morocco,Professional,MAD2000,MAD21600,Property managers; 200–1500 units; 5–30 staff,MAD2000 professional baseline; mixed ARPU UNKNOWN,70–85,USD250–900,1.0–3.0,USD3360–4080 (24-month capped GP proxy),3.7–16.3,1.5–6.4,50,250,500,LOW — all economics modeled,"ASSUMPTION: Proposed subscription; annual 10% discount; custom tiers are floors, not quotes; FX: MAD10/USD1, EUR1/USD1.10 not spot rates; taxes/usage/implementation extra; CAC and LTV USD; early concierge GM may be30–60%; no claim of measured LTV"
SAAS-011,Morocco,Business,MAD4000,MAD43200,Property managers; 200–1500 units; 5–30 staff,MAD2000 professional baseline; mixed ARPU UNKNOWN,70–85,USD250–900,1.0–3.0,USD3360–4080 (24-month capped GP proxy),3.7–16.3,1.5–6.4,50,250,500,LOW — all economics modeled,"ASSUMPTION: Proposed subscription; annual 10% discount; custom tiers are floors, not quotes; FX: MAD10/USD1, EUR1/USD1.10 not spot rates; taxes/usage/implementation extra; CAC and LTV USD; early concierge GM may be30–60%; no claim of measured LTV"
SAAS-011,Morocco,Enterprise,MAD8000,MAD86400,Property managers; 200–1500 units; 5–30 staff,MAD2000 professional baseline; mixed ARPU UNKNOWN,70–85,USD250–900,1.0–3.0,USD3360–4080 (24-month capped GP proxy),3.7–16.3,1.5–6.4,50,250,500,LOW — all economics modeled,"ASSUMPTION: Proposed subscription; annual 10% discount; custom tiers are floors, not quotes; FX: MAD10/USD1, EUR1/USD1.10 not spot rates; taxes/usage/implementation extra; CAC and LTV USD; early concierge GM may be30–60%; no claim of measured LTV"
SAAS-011,Morocco,High-ticket / custom,MAD12000,MAD129600,Property managers; 200–1500 units; 5–30 staff,MAD2000 professional baseline; mixed ARPU UNKNOWN,70–85,USD250–900,1.0–3.0,USD3360–4080 (24-month capped GP proxy),3.7–16.3,1.5–6.4,50,250,500,LOW — all economics modeled,"ASSUMPTION: Proposed subscription; annual 10% discount; custom tiers are floors, not quotes; FX: MAD10/USD1, EUR1/USD1.10 not spot rates; taxes/usage/implementation extra; CAC and LTV USD; early concierge GM may be30–60%; no claim of measured LTV"
SAAS-011,Europe,Free strategy,No ongoing free plan / sandbox only,N/A,Property managers; 200–1500 units; 5–30 staff,EUR299 professional baseline; mixed ARPU UNKNOWN,70–85,USD600–2000,1.0–3.0,USD5526–6710 (24-month capped GP proxy),2.8–11.2,2.1–8.7,31,153,305,LOW — all economics modeled,"ASSUMPTION: No permanent free production plan; redacted-data audit; FX: MAD10/USD1, EUR1/USD1.10 not spot rates; taxes/usage/implementation extra; CAC and LTV USD; early concierge GM may be30–60%; no claim of measured LTV"
SAAS-011,Europe,Trial strategy,No ongoing free plan / sandbox only,N/A,Property managers; 200–1500 units; 5–30 staff,EUR299 professional baseline; mixed ARPU UNKNOWN,70–85,USD600–2000,1.0–3.0,USD5526–6710 (24-month capped GP proxy),2.8–11.2,2.1–8.7,31,153,305,LOW — all economics modeled,"ASSUMPTION: 14-day sandbox;30-day paid concierge pilot at Pro; no fake free delivery; FX: MAD10/USD1, EUR1/USD1.10 not spot rates; taxes/usage/implementation extra; CAC and LTV USD; early concierge GM may be30–60%; no claim of measured LTV"
SAAS-011,Europe,Starter,EUR180,EUR1944,Property managers; 200–1500 units; 5–30 staff,EUR299 professional baseline; mixed ARPU UNKNOWN,70–85,USD600–2000,1.0–3.0,USD5526–6710 (24-month capped GP proxy),2.8–11.2,2.1–8.7,31,153,305,LOW — all economics modeled,"ASSUMPTION: Proposed subscription; annual 10% discount; custom tiers are floors, not quotes; FX: MAD10/USD1, EUR1/USD1.10 not spot rates; taxes/usage/implementation extra; CAC and LTV USD; early concierge GM may be30–60%; no claim of measured LTV"
SAAS-011,Europe,Professional,EUR299,EUR3229,Property managers; 200–1500 units; 5–30 staff,EUR299 professional baseline; mixed ARPU UNKNOWN,70–85,USD600–2000,1.0–3.0,USD5526–6710 (24-month capped GP proxy),2.8–11.2,2.1–8.7,31,153,305,LOW — all economics modeled,"ASSUMPTION: Proposed subscription; annual 10% discount; custom tiers are floors, not quotes; FX: MAD10/USD1, EUR1/USD1.10 not spot rates; taxes/usage/implementation extra; CAC and LTV USD; early concierge GM may be30–60%; no claim of measured LTV"
SAAS-011,Europe,Business,EUR600,EUR6480,Property managers; 200–1500 units; 5–30 staff,EUR299 professional baseline; mixed ARPU UNKNOWN,70–85,USD600–2000,1.0–3.0,USD5526–6710 (24-month capped GP proxy),2.8–11.2,2.1–8.7,31,153,305,LOW — all economics modeled,"ASSUMPTION: Proposed subscription; annual 10% discount; custom tiers are floors, not quotes; FX: MAD10/USD1, EUR1/USD1.10 not spot rates; taxes/usage/implementation extra; CAC and LTV USD; early concierge GM may be30–60%; no claim of measured LTV"
SAAS-011,Europe,Enterprise,EUR1200,EUR12960,Property managers; 200–1500 units; 5–30 staff,EUR299 professional baseline; mixed ARPU UNKNOWN,70–85,USD600–2000,1.0–3.0,USD5526–6710 (24-month capped GP proxy),2.8–11.2,2.1–8.7,31,153,305,LOW — all economics modeled,"ASSUMPTION: Proposed subscription; annual 10% discount; custom tiers are floors, not quotes; FX: MAD10/USD1, EUR1/USD1.10 not spot rates; taxes/usage/implementation extra; CAC and LTV USD; early concierge GM may be30–60%; no claim of measured LTV"
SAAS-011,Europe,High-ticket / custom,EUR1790,EUR19332,Property managers; 200–1500 units; 5–30 staff,EUR299 professional baseline; mixed ARPU UNKNOWN,70–85,USD600–2000,1.0–3.0,USD5526–6710 (24-month capped GP proxy),2.8–11.2,2.1–8.7,31,153,305,LOW — all economics modeled,"ASSUMPTION: Proposed subscription; annual 10% discount; custom tiers are floors, not quotes; FX: MAD10/USD1, EUR1/USD1.10 not spot rates; taxes/usage/implementation extra; CAC and LTV USD; early concierge GM may be30–60%; no claim of measured LTV"
SAAS-011,USA / International,Free strategy,No ongoing free plan / sandbox only,N/A,Property managers; 200–1500 units; 5–30 staff,USD349 professional baseline; mixed ARPU UNKNOWN,70–85,USD600–2000,1.0–3.0,USD5863–7120 (24-month capped GP proxy),2.9–11.9,2.0–8.2,29,144,287,LOW — all economics modeled,"ASSUMPTION: No permanent free production plan; redacted-data audit; FX: MAD10/USD1, EUR1/USD1.10 not spot rates; taxes/usage/implementation extra; CAC and LTV USD; early concierge GM may be30–60%; no claim of measured LTV"
SAAS-011,USA / International,Trial strategy,No ongoing free plan / sandbox only,N/A,Property managers; 200–1500 units; 5–30 staff,USD349 professional baseline; mixed ARPU UNKNOWN,70–85,USD600–2000,1.0–3.0,USD5863–7120 (24-month capped GP proxy),2.9–11.9,2.0–8.2,29,144,287,LOW — all economics modeled,"ASSUMPTION: 14-day sandbox;30-day paid concierge pilot at Pro; no fake free delivery; FX: MAD10/USD1, EUR1/USD1.10 not spot rates; taxes/usage/implementation extra; CAC and LTV USD; early concierge GM may be30–60%; no claim of measured LTV"
SAAS-011,USA / International,Starter,USD210,USD2268,Property managers; 200–1500 units; 5–30 staff,USD349 professional baseline; mixed ARPU UNKNOWN,70–85,USD600–2000,1.0–3.0,USD5863–7120 (24-month capped GP proxy),2.9–11.9,2.0–8.2,29,144,287,LOW — all economics modeled,"ASSUMPTION: Proposed subscription; annual 10% discount; custom tiers are floors, not quotes; FX: MAD10/USD1, EUR1/USD1.10 not spot rates; taxes/usage/implementation extra; CAC and LTV USD; early concierge GM may be30–60%; no claim of measured LTV"
SAAS-011,USA / International,Professional,USD349,USD3769,Property managers; 200–1500 units; 5–30 staff,USD349 professional baseline; mixed ARPU UNKNOWN,70–85,USD600–2000,1.0–3.0,USD5863–7120 (24-month capped GP proxy),2.9–11.9,2.0–8.2,29,144,287,LOW — all economics modeled,"ASSUMPTION: Proposed subscription; annual 10% discount; custom tiers are floors, not quotes; FX: MAD10/USD1, EUR1/USD1.10 not spot rates; taxes/usage/implementation extra; CAC and LTV USD; early concierge GM may be30–60%; no claim of measured LTV"
SAAS-011,USA / International,Business,USD700,USD7560,Property managers; 200–1500 units; 5–30 staff,USD349 professional baseline; mixed ARPU UNKNOWN,70–85,USD600–2000,1.0–3.0,USD5863–7120 (24-month capped GP proxy),2.9–11.9,2.0–8.2,29,144,287,LOW — all economics modeled,"ASSUMPTION: Proposed subscription; annual 10% discount; custom tiers are floors, not quotes; FX: MAD10/USD1, EUR1/USD1.10 not spot rates; taxes/usage/implementation extra; CAC and LTV USD; early concierge GM may be30–60%; no claim of measured LTV"
SAAS-011,USA / International,Enterprise,USD1400,USD15120,Property managers; 200–1500 units; 5–30 staff,USD349 professional baseline; mixed ARPU UNKNOWN,70–85,USD600–2000,1.0–3.0,USD5863–7120 (24-month capped GP proxy),2.9–11.9,2.0–8.2,29,144,287,LOW — all economics modeled,"ASSUMPTION: Proposed subscription; annual 10% discount; custom tiers are floors, not quotes; FX: MAD10/USD1, EUR1/USD1.10 not spot rates; taxes/usage/implementation extra; CAC and LTV USD; early concierge GM may be30–60%; no claim of measured LTV"
SAAS-011,USA / International,High-ticket / custom,USD2090,USD22572,Property managers; 200–1500 units; 5–30 staff,USD349 professional baseline; mixed ARPU UNKNOWN,70–85,USD600–2000,1.0–3.0,USD5863–7120 (24-month capped GP proxy),2.9–11.9,2.0–8.2,29,144,287,LOW — all economics modeled,"ASSUMPTION: Proposed subscription; annual 10% discount; custom tiers are floors, not quotes; FX: MAD10/USD1, EUR1/USD1.10 not spot rates; taxes/usage/implementation extra; CAC and LTV USD; early concierge GM may be30–60%; no claim of measured LTV"
SAAS-013,Morocco,Free strategy,No ongoing free plan / sandbox only,N/A,MSPs; 10–100 staff; 20+ managed business clients,MAD5500 professional baseline; mixed ARPU UNKNOWN,70–85,USD250–900,0.8–2.0,USD9240–11220 (24-month capped GP proxy),10.3–44.9,0.5–2.3,19,91,182,LOW — all economics modeled,"ASSUMPTION: No permanent free production plan; redacted-data audit; FX: MAD10/USD1, EUR1/USD1.10 not spot rates; taxes/usage/implementation extra; CAC and LTV USD; early concierge GM may be30–60%; no claim of measured LTV"
SAAS-013,Morocco,Trial strategy,No ongoing free plan / sandbox only,N/A,MSPs; 10–100 staff; 20+ managed business clients,MAD5500 professional baseline; mixed ARPU UNKNOWN,70–85,USD250–900,0.8–2.0,USD9240–11220 (24-month capped GP proxy),10.3–44.9,0.5–2.3,19,91,182,LOW — all economics modeled,"ASSUMPTION: 14-day sandbox;30-day paid concierge pilot at Pro; no fake free delivery; FX: MAD10/USD1, EUR1/USD1.10 not spot rates; taxes/usage/implementation extra; CAC and LTV USD; early concierge GM may be30–60%; no claim of measured LTV"
SAAS-013,Morocco,Starter,MAD3300,MAD35640,MSPs; 10–100 staff; 20+ managed business clients,MAD5500 professional baseline; mixed ARPU UNKNOWN,70–85,USD250–900,0.8–2.0,USD9240–11220 (24-month capped GP proxy),10.3–44.9,0.5–2.3,19,91,182,LOW — all economics modeled,"ASSUMPTION: Proposed subscription; annual 10% discount; custom tiers are floors, not quotes; FX: MAD10/USD1, EUR1/USD1.10 not spot rates; taxes/usage/implementation extra; CAC and LTV USD; early concierge GM may be30–60%; no claim of measured LTV"
SAAS-013,Morocco,Professional,MAD5500,MAD59400,MSPs; 10–100 staff; 20+ managed business clients,MAD5500 professional baseline; mixed ARPU UNKNOWN,70–85,USD250–900,0.8–2.0,USD9240–11220 (24-month capped GP proxy),10.3–44.9,0.5–2.3,19,91,182,LOW — all economics modeled,"ASSUMPTION: Proposed subscription; annual 10% discount; custom tiers are floors, not quotes; FX: MAD10/USD1, EUR1/USD1.10 not spot rates; taxes/usage/implementation extra; CAC and LTV USD; early concierge GM may be30–60%; no claim of measured LTV"
SAAS-013,Morocco,Business,MAD11000,MAD118800,MSPs; 10–100 staff; 20+ managed business clients,MAD5500 professional baseline; mixed ARPU UNKNOWN,70–85,USD250–900,0.8–2.0,USD9240–11220 (24-month capped GP proxy),10.3–44.9,0.5–2.3,19,91,182,LOW — all economics modeled,"ASSUMPTION: Proposed subscription; annual 10% discount; custom tiers are floors, not quotes; FX: MAD10/USD1, EUR1/USD1.10 not spot rates; taxes/usage/implementation extra; CAC and LTV USD; early concierge GM may be30–60%; no claim of measured LTV"
SAAS-013,Morocco,Enterprise,MAD22000,MAD237600,MSPs; 10–100 staff; 20+ managed business clients,MAD5500 professional baseline; mixed ARPU UNKNOWN,70–85,USD250–900,0.8–2.0,USD9240–11220 (24-month capped GP proxy),10.3–44.9,0.5–2.3,19,91,182,LOW — all economics modeled,"ASSUMPTION: Proposed subscription; annual 10% discount; custom tiers are floors, not quotes; FX: MAD10/USD1, EUR1/USD1.10 not spot rates; taxes/usage/implementation extra; CAC and LTV USD; early concierge GM may be30–60%; no claim of measured LTV"
SAAS-013,Morocco,High-ticket / custom,MAD33000,MAD356400,MSPs; 10–100 staff; 20+ managed business clients,MAD5500 professional baseline; mixed ARPU UNKNOWN,70–85,USD250–900,0.8–2.0,USD9240–11220 (24-month capped GP proxy),10.3–44.9,0.5–2.3,19,91,182,LOW — all economics modeled,"ASSUMPTION: Proposed subscription; annual 10% discount; custom tiers are floors, not quotes; FX: MAD10/USD1, EUR1/USD1.10 not spot rates; taxes/usage/implementation extra; CAC and LTV USD; early concierge GM may be30–60%; no claim of measured LTV"
SAAS-013,Europe,Free strategy,No ongoing free plan / sandbox only,N/A,MSPs; 10–100 staff; 20+ managed business clients,EUR699 professional baseline; mixed ARPU UNKNOWN,70–85,USD1500–5000,0.8–2.0,USD12918–15686 (24-month capped GP proxy),2.6–10.5,2.3–9.3,14,66,131,LOW — all economics modeled,"ASSUMPTION: No permanent free production plan; redacted-data audit; FX: MAD10/USD1, EUR1/USD1.10 not spot rates; taxes/usage/implementation extra; CAC and LTV USD; early concierge GM may be30–60%; no claim of measured LTV"
SAAS-013,Europe,Trial strategy,No ongoing free plan / sandbox only,N/A,MSPs; 10–100 staff; 20+ managed business clients,EUR699 professional baseline; mixed ARPU UNKNOWN,70–85,USD1500–5000,0.8–2.0,USD12918–15686 (24-month capped GP proxy),2.6–10.5,2.3–9.3,14,66,131,LOW — all economics modeled,"ASSUMPTION: 14-day sandbox;30-day paid concierge pilot at Pro; no fake free delivery; FX: MAD10/USD1, EUR1/USD1.10 not spot rates; taxes/usage/implementation extra; CAC and LTV USD; early concierge GM may be30–60%; no claim of measured LTV"
SAAS-013,Europe,Starter,EUR420,EUR4536,MSPs; 10–100 staff; 20+ managed business clients,EUR699 professional baseline; mixed ARPU UNKNOWN,70–85,USD1500–5000,0.8–2.0,USD12918–15686 (24-month capped GP proxy),2.6–10.5,2.3–9.3,14,66,131,LOW — all economics modeled,"ASSUMPTION: Proposed subscription; annual 10% discount; custom tiers are floors, not quotes; FX: MAD10/USD1, EUR1/USD1.10 not spot rates; taxes/usage/implementation extra; CAC and LTV USD; early concierge GM may be30–60%; no claim of measured LTV"
SAAS-013,Europe,Professional,EUR699,EUR7549,MSPs; 10–100 staff; 20+ managed business clients,EUR699 professional baseline; mixed ARPU UNKNOWN,70–85,USD1500–5000,0.8–2.0,USD12918–15686 (24-month capped GP proxy),2.6–10.5,2.3–9.3,14,66,131,LOW — all economics modeled,"ASSUMPTION: Proposed subscription; annual 10% discount; custom tiers are floors, not quotes; FX: MAD10/USD1, EUR1/USD1.10 not spot rates; taxes/usage/implementation extra; CAC and LTV USD; early concierge GM may be30–60%; no claim of measured LTV"
SAAS-013,Europe,Business,EUR1400,EUR15120,MSPs; 10–100 staff; 20+ managed business clients,EUR699 professional baseline; mixed ARPU UNKNOWN,70–85,USD1500–5000,0.8–2.0,USD12918–15686 (24-month capped GP proxy),2.6–10.5,2.3–9.3,14,66,131,LOW — all economics modeled,"ASSUMPTION: Proposed subscription; annual 10% discount; custom tiers are floors, not quotes; FX: MAD10/USD1, EUR1/USD1.10 not spot rates; taxes/usage/implementation extra; CAC and LTV USD; early concierge GM may be30–60%; no claim of measured LTV"
SAAS-013,Europe,Enterprise,EUR2800,EUR30240,MSPs; 10–100 staff; 20+ managed business clients,EUR699 professional baseline; mixed ARPU UNKNOWN,70–85,USD1500–5000,0.8–2.0,USD12918–15686 (24-month capped GP proxy),2.6–10.5,2.3–9.3,14,66,131,LOW — all economics modeled,"ASSUMPTION: Proposed subscription; annual 10% discount; custom tiers are floors, not quotes; FX: MAD10/USD1, EUR1/USD1.10 not spot rates; taxes/usage/implementation extra; CAC and LTV USD; early concierge GM may be30–60%; no claim of measured LTV"
SAAS-013,Europe,High-ticket / custom,EUR4190,EUR45252,MSPs; 10–100 staff; 20+ managed business clients,EUR699 professional baseline; mixed ARPU UNKNOWN,70–85,USD1500–5000,0.8–2.0,USD12918–15686 (24-month capped GP proxy),2.6–10.5,2.3–9.3,14,66,131,LOW — all economics modeled,"ASSUMPTION: Proposed subscription; annual 10% discount; custom tiers are floors, not quotes; FX: MAD10/USD1, EUR1/USD1.10 not spot rates; taxes/usage/implementation extra; CAC and LTV USD; early concierge GM may be30–60%; no claim of measured LTV"
SAAS-013,USA / International,Free strategy,No ongoing free plan / sandbox only,N/A,MSPs; 10–100 staff; 20+ managed business clients,USD899 professional baseline; mixed ARPU UNKNOWN,70–85,USD1500–5000,0.8–2.0,USD15103–18340 (24-month capped GP proxy),3.0–12.2,2.0–7.9,12,56,112,LOW — all economics modeled,"ASSUMPTION: No permanent free production plan; redacted-data audit; FX: MAD10/USD1, EUR1/USD1.10 not spot rates; taxes/usage/implementation extra; CAC and LTV USD; early concierge GM may be30–60%; no claim of measured LTV"
SAAS-013,USA / International,Trial strategy,No ongoing free plan / sandbox only,N/A,MSPs; 10–100 staff; 20+ managed business clients,USD899 professional baseline; mixed ARPU UNKNOWN,70–85,USD1500–5000,0.8–2.0,USD15103–18340 (24-month capped GP proxy),3.0–12.2,2.0–7.9,12,56,112,LOW — all economics modeled,"ASSUMPTION: 14-day sandbox;30-day paid concierge pilot at Pro; no fake free delivery; FX: MAD10/USD1, EUR1/USD1.10 not spot rates; taxes/usage/implementation extra; CAC and LTV USD; early concierge GM may be30–60%; no claim of measured LTV"
SAAS-013,USA / International,Starter,USD540,USD5832,MSPs; 10–100 staff; 20+ managed business clients,USD899 professional baseline; mixed ARPU UNKNOWN,70–85,USD1500–5000,0.8–2.0,USD15103–18340 (24-month capped GP proxy),3.0–12.2,2.0–7.9,12,56,112,LOW — all economics modeled,"ASSUMPTION: Proposed subscription; annual 10% discount; custom tiers are floors, not quotes; FX: MAD10/USD1, EUR1/USD1.10 not spot rates; taxes/usage/implementation extra; CAC and LTV USD; early concierge GM may be30–60%; no claim of measured LTV"
SAAS-013,USA / International,Professional,USD899,USD9709,MSPs; 10–100 staff; 20+ managed business clients,USD899 professional baseline; mixed ARPU UNKNOWN,70–85,USD1500–5000,0.8–2.0,USD15103–18340 (24-month capped GP proxy),3.0–12.2,2.0–7.9,12,56,112,LOW — all economics modeled,"ASSUMPTION: Proposed subscription; annual 10% discount; custom tiers are floors, not quotes; FX: MAD10/USD1, EUR1/USD1.10 not spot rates; taxes/usage/implementation extra; CAC and LTV USD; early concierge GM may be30–60%; no claim of measured LTV"
SAAS-013,USA / International,Business,USD1800,USD19440,MSPs; 10–100 staff; 20+ managed business clients,USD899 professional baseline; mixed ARPU UNKNOWN,70–85,USD1500–5000,0.8–2.0,USD15103–18340 (24-month capped GP proxy),3.0–12.2,2.0–7.9,12,56,112,LOW — all economics modeled,"ASSUMPTION: Proposed subscription; annual 10% discount; custom tiers are floors, not quotes; FX: MAD10/USD1, EUR1/USD1.10 not spot rates; taxes/usage/implementation extra; CAC and LTV USD; early concierge GM may be30–60%; no claim of measured LTV"
SAAS-013,USA / International,Enterprise,USD3600,USD38880,MSPs; 10–100 staff; 20+ managed business clients,USD899 professional baseline; mixed ARPU UNKNOWN,70–85,USD1500–5000,0.8–2.0,USD15103–18340 (24-month capped GP proxy),3.0–12.2,2.0–7.9,12,56,112,LOW — all economics modeled,"ASSUMPTION: Proposed subscription; annual 10% discount; custom tiers are floors, not quotes; FX: MAD10/USD1, EUR1/USD1.10 not spot rates; taxes/usage/implementation extra; CAC and LTV USD; early concierge GM may be30–60%; no claim of measured LTV"
SAAS-013,USA / International,High-ticket / custom,USD5390,USD58212,MSPs; 10–100 staff; 20+ managed business clients,USD899 professional baseline; mixed ARPU UNKNOWN,70–85,USD1500–5000,0.8–2.0,USD15103–18340 (24-month capped GP proxy),3.0–12.2,2.0–7.9,12,56,112,LOW — all economics modeled,"ASSUMPTION: Proposed subscription; annual 10% discount; custom tiers are floors, not quotes; FX: MAD10/USD1, EUR1/USD1.10 not spot rates; taxes/usage/implementation extra; CAC and LTV USD; early concierge GM may be30–60%; no claim of measured LTV"
SAAS-012,Morocco,Free strategy,No ongoing free plan / sandbox only,N/A,Riad groups/DMCs; 3–15 properties or 10–50 staff,MAD1800 professional baseline; mixed ARPU UNKNOWN,70–85,USD250–900,2.0–5.0,USD2520–3672 (24-month capped GP proxy),2.8–14.7,1.6–7.1,56,278,556,LOW — all economics modeled,"ASSUMPTION: No permanent free production plan; redacted-data audit; FX: MAD10/USD1, EUR1/USD1.10 not spot rates; taxes/usage/implementation extra; CAC and LTV USD; early concierge GM may be30–60%; no claim of measured LTV"
SAAS-012,Morocco,Trial strategy,No ongoing free plan / sandbox only,N/A,Riad groups/DMCs; 3–15 properties or 10–50 staff,MAD1800 professional baseline; mixed ARPU UNKNOWN,70–85,USD250–900,2.0–5.0,USD2520–3672 (24-month capped GP proxy),2.8–14.7,1.6–7.1,56,278,556,LOW — all economics modeled,"ASSUMPTION: 14-day sandbox;30-day paid concierge pilot at Pro; no fake free delivery; FX: MAD10/USD1, EUR1/USD1.10 not spot rates; taxes/usage/implementation extra; CAC and LTV USD; early concierge GM may be30–60%; no claim of measured LTV"
SAAS-012,Morocco,Starter,MAD1080,MAD11664,Riad groups/DMCs; 3–15 properties or 10–50 staff,MAD1800 professional baseline; mixed ARPU UNKNOWN,70–85,USD250–900,2.0–5.0,USD2520–3672 (24-month capped GP proxy),2.8–14.7,1.6–7.1,56,278,556,LOW — all economics modeled,"ASSUMPTION: Proposed subscription; annual 10% discount; custom tiers are floors, not quotes; FX: MAD10/USD1, EUR1/USD1.10 not spot rates; taxes/usage/implementation extra; CAC and LTV USD; early concierge GM may be30–60%; no claim of measured LTV"
SAAS-012,Morocco,Professional,MAD1800,MAD19440,Riad groups/DMCs; 3–15 properties or 10–50 staff,MAD1800 professional baseline; mixed ARPU UNKNOWN,70–85,USD250–900,2.0–5.0,USD2520–3672 (24-month capped GP proxy),2.8–14.7,1.6–7.1,56,278,556,LOW — all economics modeled,"ASSUMPTION: Proposed subscription; annual 10% discount; custom tiers are floors, not quotes; FX: MAD10/USD1, EUR1/USD1.10 not spot rates; taxes/usage/implementation extra; CAC and LTV USD; early concierge GM may be30–60%; no claim of measured LTV"
SAAS-012,Morocco,Business,MAD3600,MAD38880,Riad groups/DMCs; 3–15 properties or 10–50 staff,MAD1800 professional baseline; mixed ARPU UNKNOWN,70–85,USD250–900,2.0–5.0,USD2520–3672 (24-month capped GP proxy),2.8–14.7,1.6–7.1,56,278,556,LOW — all economics modeled,"ASSUMPTION: Proposed subscription; annual 10% discount; custom tiers are floors, not quotes; FX: MAD10/USD1, EUR1/USD1.10 not spot rates; taxes/usage/implementation extra; CAC and LTV USD; early concierge GM may be30–60%; no claim of measured LTV"
SAAS-012,Morocco,Enterprise,MAD7200,MAD77760,Riad groups/DMCs; 3–15 properties or 10–50 staff,MAD1800 professional baseline; mixed ARPU UNKNOWN,70–85,USD250–900,2.0–5.0,USD2520–3672 (24-month capped GP proxy),2.8–14.7,1.6–7.1,56,278,556,LOW — all economics modeled,"ASSUMPTION: Proposed subscription; annual 10% discount; custom tiers are floors, not quotes; FX: MAD10/USD1, EUR1/USD1.10 not spot rates; taxes/usage/implementation extra; CAC and LTV USD; early concierge GM may be30–60%; no claim of measured LTV"
SAAS-012,Morocco,High-ticket / custom,MAD10800,MAD116640,Riad groups/DMCs; 3–15 properties or 10–50 staff,MAD1800 professional baseline; mixed ARPU UNKNOWN,70–85,USD250–900,2.0–5.0,USD2520–3672 (24-month capped GP proxy),2.8–14.7,1.6–7.1,56,278,556,LOW — all economics modeled,"ASSUMPTION: Proposed subscription; annual 10% discount; custom tiers are floors, not quotes; FX: MAD10/USD1, EUR1/USD1.10 not spot rates; taxes/usage/implementation extra; CAC and LTV USD; early concierge GM may be30–60%; no claim of measured LTV"
SAAS-012,Europe,Free strategy,No ongoing free plan / sandbox only,N/A,Riad groups/DMCs; 3–15 properties or 10–50 staff,EUR249 professional baseline; mixed ARPU UNKNOWN,70–85,USD350–1500,2.0–5.0,USD3835–5588 (24-month capped GP proxy),2.6–16.0,1.5–7.8,37,183,366,LOW — all economics modeled,"ASSUMPTION: No permanent free production plan; redacted-data audit; FX: MAD10/USD1, EUR1/USD1.10 not spot rates; taxes/usage/implementation extra; CAC and LTV USD; early concierge GM may be30–60%; no claim of measured LTV"
SAAS-012,Europe,Trial strategy,No ongoing free plan / sandbox only,N/A,Riad groups/DMCs; 3–15 properties or 10–50 staff,EUR249 professional baseline; mixed ARPU UNKNOWN,70–85,USD350–1500,2.0–5.0,USD3835–5588 (24-month capped GP proxy),2.6–16.0,1.5–7.8,37,183,366,LOW — all economics modeled,"ASSUMPTION: 14-day sandbox;30-day paid concierge pilot at Pro; no fake free delivery; FX: MAD10/USD1, EUR1/USD1.10 not spot rates; taxes/usage/implementation extra; CAC and LTV USD; early concierge GM may be30–60%; no claim of measured LTV"
SAAS-012,Europe,Starter,EUR150,EUR1620,Riad groups/DMCs; 3–15 properties or 10–50 staff,EUR249 professional baseline; mixed ARPU UNKNOWN,70–85,USD350–1500,2.0–5.0,USD3835–5588 (24-month capped GP proxy),2.6–16.0,1.5–7.8,37,183,366,LOW — all economics modeled,"ASSUMPTION: Proposed subscription; annual 10% discount; custom tiers are floors, not quotes; FX: MAD10/USD1, EUR1/USD1.10 not spot rates; taxes/usage/implementation extra; CAC and LTV USD; early concierge GM may be30–60%; no claim of measured LTV"
SAAS-012,Europe,Professional,EUR249,EUR2689,Riad groups/DMCs; 3–15 properties or 10–50 staff,EUR249 professional baseline; mixed ARPU UNKNOWN,70–85,USD350–1500,2.0–5.0,USD3835–5588 (24-month capped GP proxy),2.6–16.0,1.5–7.8,37,183,366,LOW — all economics modeled,"ASSUMPTION: Proposed subscription; annual 10% discount; custom tiers are floors, not quotes; FX: MAD10/USD1, EUR1/USD1.10 not spot rates; taxes/usage/implementation extra; CAC and LTV USD; early concierge GM may be30–60%; no claim of measured LTV"
SAAS-012,Europe,Business,EUR500,EUR5400,Riad groups/DMCs; 3–15 properties or 10–50 staff,EUR249 professional baseline; mixed ARPU UNKNOWN,70–85,USD350–1500,2.0–5.0,USD3835–5588 (24-month capped GP proxy),2.6–16.0,1.5–7.8,37,183,366,LOW — all economics modeled,"ASSUMPTION: Proposed subscription; annual 10% discount; custom tiers are floors, not quotes; FX: MAD10/USD1, EUR1/USD1.10 not spot rates; taxes/usage/implementation extra; CAC and LTV USD; early concierge GM may be30–60%; no claim of measured LTV"
SAAS-012,Europe,Enterprise,EUR1000,EUR10800,Riad groups/DMCs; 3–15 properties or 10–50 staff,EUR249 professional baseline; mixed ARPU UNKNOWN,70–85,USD350–1500,2.0–5.0,USD3835–5588 (24-month capped GP proxy),2.6–16.0,1.5–7.8,37,183,366,LOW — all economics modeled,"ASSUMPTION: Proposed subscription; annual 10% discount; custom tiers are floors, not quotes; FX: MAD10/USD1, EUR1/USD1.10 not spot rates; taxes/usage/implementation extra; CAC and LTV USD; early concierge GM may be30–60%; no claim of measured LTV"
SAAS-012,Europe,High-ticket / custom,EUR1490,EUR16092,Riad groups/DMCs; 3–15 properties or 10–50 staff,EUR249 professional baseline; mixed ARPU UNKNOWN,70–85,USD350–1500,2.0–5.0,USD3835–5588 (24-month capped GP proxy),2.6–16.0,1.5–7.8,37,183,366,LOW — all economics modeled,"ASSUMPTION: Proposed subscription; annual 10% discount; custom tiers are floors, not quotes; FX: MAD10/USD1, EUR1/USD1.10 not spot rates; taxes/usage/implementation extra; CAC and LTV USD; early concierge GM may be30–60%; no claim of measured LTV"
SAAS-012,USA / International,Free strategy,No ongoing free plan / sandbox only,N/A,Riad groups/DMCs; 3–15 properties or 10–50 staff,USD299 professional baseline; mixed ARPU UNKNOWN,70–85,USD350–1500,2.0–5.0,USD4186–6100 (24-month capped GP proxy),2.8–17.4,1.4–7.2,34,168,335,LOW — all economics modeled,"ASSUMPTION: No permanent free production plan; redacted-data audit; FX: MAD10/USD1, EUR1/USD1.10 not spot rates; taxes/usage/implementation extra; CAC and LTV USD; early concierge GM may be30–60%; no claim of measured LTV"
SAAS-012,USA / International,Trial strategy,No ongoing free plan / sandbox only,N/A,Riad groups/DMCs; 3–15 properties or 10–50 staff,USD299 professional baseline; mixed ARPU UNKNOWN,70–85,USD350–1500,2.0–5.0,USD4186–6100 (24-month capped GP proxy),2.8–17.4,1.4–7.2,34,168,335,LOW — all economics modeled,"ASSUMPTION: 14-day sandbox;30-day paid concierge pilot at Pro; no fake free delivery; FX: MAD10/USD1, EUR1/USD1.10 not spot rates; taxes/usage/implementation extra; CAC and LTV USD; early concierge GM may be30–60%; no claim of measured LTV"
SAAS-012,USA / International,Starter,USD180,USD1944,Riad groups/DMCs; 3–15 properties or 10–50 staff,USD299 professional baseline; mixed ARPU UNKNOWN,70–85,USD350–1500,2.0–5.0,USD4186–6100 (24-month capped GP proxy),2.8–17.4,1.4–7.2,34,168,335,LOW — all economics modeled,"ASSUMPTION: Proposed subscription; annual 10% discount; custom tiers are floors, not quotes; FX: MAD10/USD1, EUR1/USD1.10 not spot rates; taxes/usage/implementation extra; CAC and LTV USD; early concierge GM may be30–60%; no claim of measured LTV"
SAAS-012,USA / International,Professional,USD299,USD3229,Riad groups/DMCs; 3–15 properties or 10–50 staff,USD299 professional baseline; mixed ARPU UNKNOWN,70–85,USD350–1500,2.0–5.0,USD4186–6100 (24-month capped GP proxy),2.8–17.4,1.4–7.2,34,168,335,LOW — all economics modeled,"ASSUMPTION: Proposed subscription; annual 10% discount; custom tiers are floors, not quotes; FX: MAD10/USD1, EUR1/USD1.10 not spot rates; taxes/usage/implementation extra; CAC and LTV USD; early concierge GM may be30–60%; no claim of measured LTV"
SAAS-012,USA / International,Business,USD600,USD6480,Riad groups/DMCs; 3–15 properties or 10–50 staff,USD299 professional baseline; mixed ARPU UNKNOWN,70–85,USD350–1500,2.0–5.0,USD4186–6100 (24-month capped GP proxy),2.8–17.4,1.4–7.2,34,168,335,LOW — all economics modeled,"ASSUMPTION: Proposed subscription; annual 10% discount; custom tiers are floors, not quotes; FX: MAD10/USD1, EUR1/USD1.10 not spot rates; taxes/usage/implementation extra; CAC and LTV USD; early concierge GM may be30–60%; no claim of measured LTV"
SAAS-012,USA / International,Enterprise,USD1200,USD12960,Riad groups/DMCs; 3–15 properties or 10–50 staff,USD299 professional baseline; mixed ARPU UNKNOWN,70–85,USD350–1500,2.0–5.0,USD4186–6100 (24-month capped GP proxy),2.8–17.4,1.4–7.2,34,168,335,LOW — all economics modeled,"ASSUMPTION: Proposed subscription; annual 10% discount; custom tiers are floors, not quotes; FX: MAD10/USD1, EUR1/USD1.10 not spot rates; taxes/usage/implementation extra; CAC and LTV USD; early concierge GM may be30–60%; no claim of measured LTV"
SAAS-012,USA / International,High-ticket / custom,USD1790,USD19332,Riad groups/DMCs; 3–15 properties or 10–50 staff,USD299 professional baseline; mixed ARPU UNKNOWN,70–85,USD350–1500,2.0–5.0,USD4186–6100 (24-month capped GP proxy),2.8–17.4,1.4–7.2,34,168,335,LOW — all economics modeled,"ASSUMPTION: Proposed subscription; annual 10% discount; custom tiers are floors, not quotes; FX: MAD10/USD1, EUR1/USD1.10 not spot rates; taxes/usage/implementation extra; CAC and LTV USD; early concierge GM may be30–60%; no claim of measured LTV"
